CREATE DATABASE  IF NOT EXISTS `coach_connect` /*!40100 DEFAULT CHARACTER SET utf8mb4 COLLATE utf8mb4_0900_ai_ci */ /*!80016 DEFAULT ENCRYPTION='N' */;
USE `coach_connect`;
-- MySQL dump 10.13  Distrib 8.0.30, for Win64 (x86_64)
--
-- Host: localhost    Database: coach_connect
-- ------------------------------------------------------
-- Server version	8.0.30

/*!40101 SET @OLD_CHARACTER_SET_CLIENT=@@CHARACTER_SET_CLIENT */;
/*!40101 SET @OLD_CHARACTER_SET_RESULTS=@@CHARACTER_SET_RESULTS */;
/*!40101 SET @OLD_COLLATION_CONNECTION=@@COLLATION_CONNECTION */;
/*!50503 SET NAMES utf8 */;
/*!40103 SET @OLD_TIME_ZONE=@@TIME_ZONE */;
/*!40103 SET TIME_ZONE='+00:00' */;
/*!40014 SET @OLD_UNIQUE_CHECKS=@@UNIQUE_CHECKS, UNIQUE_CHECKS=0 */;
/*!40014 SET @OLD_FOREIGN_KEY_CHECKS=@@FOREIGN_KEY_CHECKS, FOREIGN_KEY_CHECKS=0 */;
/*!40101 SET @OLD_SQL_MODE=@@SQL_MODE, SQL_MODE='NO_AUTO_VALUE_ON_ZERO' */;
/*!40111 SET @OLD_SQL_NOTES=@@SQL_NOTES, SQL_NOTES=0 */;

--
-- Table structure for table `__efmigrationshistory`
--

DROP TABLE IF EXISTS `__efmigrationshistory`;
/*!40101 SET @saved_cs_client     = @@character_set_client */;
/*!50503 SET character_set_client = utf8mb4 */;
CREATE TABLE `__efmigrationshistory` (
  `MigrationId` varchar(150) CHARACTER SET utf8mb4 COLLATE utf8mb4_0900_ai_ci NOT NULL,
  `ProductVersion` varchar(32) CHARACTER SET utf8mb4 COLLATE utf8mb4_0900_ai_ci NOT NULL,
  PRIMARY KEY (`MigrationId`)
) ENGINE=InnoDB DEFAULT CHARSET=utf8mb4 COLLATE=utf8mb4_0900_ai_ci;
/*!40101 SET character_set_client = @saved_cs_client */;

--
-- Dumping data for table `__efmigrationshistory`
--

LOCK TABLES `__efmigrationshistory` WRITE;
/*!40000 ALTER TABLE `__efmigrationshistory` DISABLE KEYS */;
INSERT INTO `__efmigrationshistory` VALUES ('20240420074425_CoachInitial','8.0.2');
/*!40000 ALTER TABLE `__efmigrationshistory` ENABLE KEYS */;
UNLOCK TABLES;

--
-- Table structure for table `coaches`
--

DROP TABLE IF EXISTS `coaches`;
/*!40101 SET @saved_cs_client     = @@character_set_client */;
/*!50503 SET character_set_client = utf8mb4 */;
CREATE TABLE `coaches` (
  `Id` char(36) CHARACTER SET ascii COLLATE ascii_general_ci NOT NULL,
  `FirstName` varchar(50) CHARACTER SET utf8mb4 COLLATE utf8mb4_0900_ai_ci NOT NULL,
  `LastName` varchar(50) CHARACTER SET utf8mb4 COLLATE utf8mb4_0900_ai_ci NOT NULL,
  `PhoneNumber` longtext CHARACTER SET utf8mb4 COLLATE utf8mb4_0900_ai_ci NOT NULL,
  `Email` longtext CHARACTER SET utf8mb4 COLLATE utf8mb4_0900_ai_ci NOT NULL,
  `HashedPassword` longtext CHARACTER SET utf8mb4 COLLATE utf8mb4_0900_ai_ci NOT NULL,
  `Salt` longtext CHARACTER SET utf8mb4 COLLATE utf8mb4_0900_ai_ci NOT NULL,
  `Created` datetime(6) NOT NULL,
  `Updated` datetime(6) NOT NULL,
  PRIMARY KEY (`Id`)
) ENGINE=InnoDB DEFAULT CHARSET=utf8mb4 COLLATE=utf8mb4_0900_ai_ci;
/*!40101 SET character_set_client = @saved_cs_client */;

--
-- Dumping data for table `coaches`
--

LOCK TABLES `coaches` WRITE;
/*!40000 ALTER TABLE `coaches` DISABLE KEYS */;
INSERT INTO `coaches` VALUES ('0a95b9b1-6fb7-42a7-8333-56e649a48fe7','Sarah','Williams','23456789','sarah@hotmail.com','$2a$11$BbgQ4HusNxyg.3HeUPU6d.JF7Kf2jy5IcK5oETdah84MDeSIBx9Ku','$2a$11$BbgQ4HusNxyg.3HeUPU6d.','2024-03-06 14:29:14.121637','2024-03-06 14:29:14.121637'),('2b1e02fc-4b92-4b0d-84a7-2418ff07ac13','Petter','Edderkopp','65352635','koppen@gmail.com','$2a$11$n10AmiNhS3jg60ob56f1k.Ej/4w8sFn8xk1vvQsFWwbyqhi0jWegS','$2a$11$n10AmiNhS3jg60ob56f1k.','2024-03-06 14:19:48.199406','2024-03-06 14:19:48.199406'),('5b60c5a7-590b-4c9d-95e3-4648eb83300d','Alex','Smith','32103210','alex@outlook.com','$2a$11$R2UJtUw4UXnuYqNn3rSJXO1C5p9ueSfuKSLiAVYFyUkec2E7JkONK','$2a$11$R2UJtUw4UXnuYqNn3rSJXO','2024-03-06 14:26:34.073548','2024-03-06 14:26:34.073548'),('92a93093-c123-4748-a8d9-558d61690d76','Mikkel','Rev','87878787','mike@hotmail.com','$2a$11$GOHnFWFkY0DJXtMTZWb7NOOD7XyxIsQiowJOeOWqlubgRQhvD3H/6','$2a$11$GOHnFWFkY0DJXtMTZWb7NO','2024-03-06 14:19:03.097361','2024-03-06 14:19:03.097361'),('9b5b194a-f273-4ab2-a87d-620b8898e473','Ole Gunnar','Solskjær','72635543','sol@epost.com','$2a$11$B3TpobbGNwqqqORTGaWkG.1/tuDc2QLjC0e.b12.s8lLg9qQSlTRC','$2a$11$B3TpobbGNwqqqORTGaWkG.','2024-03-06 14:20:54.504202','2024-03-06 14:20:54.504202'),('a5ffaa7c-3933-47c3-b2b4-6c7e242e2288','Emma','Lee','65436544','emma@hotmail.com','$2a$11$ZiGvq0UL7/ELtApkJ8KK6eyuPPbyLmVKFBzKJmzk9ZGZzzIX5VKIu','$2a$11$ZiGvq0UL7/ELtApkJ8KK6e','2024-03-06 14:25:01.321233','2024-03-06 14:25:01.321233'),('a6c5b4d3-2fcb-4e9a-a457-03e9af6d28e6','Sophie','Miller','56782345','sophie@hotmail.com','$2a$11$Xpspbd4yegDKKdo3v5PY2uhXvC4ngDPX0PrW0k1/48H2GJj/2n7f2','$2a$11$Xpspbd4yegDKKdo3v5PY2u','2024-03-06 14:31:04.194171','2024-03-06 14:31:04.194171'),('acd5a6b8-89c5-40a9-87a5-2a097e02b9ed','Lisa','Johnson','78675645','lisa@yahoo.no','$2a$11$.KrHnHRap8Zv.zvG1ltHr.PpyBxu/4v6l4GmNK4G6bQv1TX9qX2.O','$2a$11$.KrHnHRap8Zv.zvG1ltHr.','2024-03-06 14:27:26.583999','2024-03-06 14:27:26.583999'),('b1f5ef4e-c48c-4db3-a10b-07d65da0614b','Chris','Brown','87654321','chris@yahoo.com','$2a$11$2.E9V0VRslIqC3S1G5ld9O1cMnH4LWCeX9kQsDhPWNO2dJxkG3/ai','$2a$11$2.E9V0VRslIqC3S1G5ld9O','2024-03-06 14:23:24.710713','2024-03-06 14:23:24.710713'),('b2b4c1b0-faf6-4949-9977-95d6a81f2ab8','Mike','Taylor','56789012','mike@msn.no','$2a$11$zrC0mBQ1MksBs/rr78DwgekI4ehbpmelXOzXW6yFXeL4hZsZmdoXu','$2a$11$zrC0mBQ1MksBs/rr78Dwge','2024-03-06 14:28:21.114488','2024-03-06 14:28:21.114488'),('b6c7d8e9-1a2b-3c4d-5e6f-7a8b9c0d1e2f','Anna','Taylor','78901234','anna@yahoo.com','$2a$11$aAKiwKfi3IBhELGAY8szvOVW8ozB5XUjGJwJj9j3UVqNh3d2.zVwC','$2a$11$aAKiwKfi3IBhELGAY8szvO','2024-03-06 14:32:43.087937','2024-03-06 14:32:43.087937'),('bb4ef059-9657-48f7-a13c-2bb29725de1b','Martin','Ottesen','90908776','ottis@epost.no','$2a$11$J0to0OIKqC7oF1KplyL3CeZyDmHIpyKbYP4Uvd0GS.RBucPT15aX2','$2a$11$J0to0OIKqC7oF1KplyL3Ce','2024-03-06 14:21:49.178045','2024-03-06 14:21:49.178045'),('be7fb570-8794-4f13-94c2-8b9e2d8b137d','Lucas','Garcia','98761234','lucas@hotmail.com','$2a$11$9YVUGVa.Cqz.E2LdAlhrLO7o9B2ijRFI6WT3PpVXLjdxrnhEIRiSK','$2a$11$9YVUGVa.Cqz.E2LdAlhrLO','2024-03-06 14:24:08.152317','2024-03-06 14:24:08.152317'),('c1d2e3f4-a5b6-7c8d-9e0f-1a2b3c4d5e6f','John','Lee','89012345','john@gmail.com','$2a$11$4RpvFAsZJK.T1.f0wwQr4usUNbUSPajF5fIeB3vVUc0/Jlgtw1OO.','$2a$11$4RpvFAsZJK.T1.f0wwQr4u','2024-03-06 14:33:33.543623','2024-03-06 14:33:33.543623'),('d3e4f5a6-b7c8-9d0e-1f2a-3b4c5d6e7f89','Emily','White','90123456','emily@hotmail.com','$2a$11$8.7TIGXxhF2R3trYPp5v4e0aQpDT6UCIeQCP1Dpft5PFd3pHkFMB6','$2a$11$8.7TIGXxhF2R3trYPp5v4e','2024-03-06 14:34:21.905444','2024-03-06 14:34:21.905444'),('dabb4b1e-e928-4957-b381-1544e42b8f88','Linda','Smith','98765432','linda@gmail.com','$2a$11$8VOjxWddq1ywTYBlJ0hacuXhso/qdRSg4JmtkGowu.2byJ/X0gX1S','$2a$11$8VOjxWddq1ywTYBlJ0hacu','2024-03-06 14:22:35.364122','2024-03-06 14:22:35.364122'),('e00927cb-a616-43d3-a82e-21439469ef13','Quyen','Ho','43434343','quyen123@hotmail.com','$2a$11$7fwxWndyDxdNYgbVXCCALe/fMJzgDmMhAmyhQt.ROdzvO4sTzbaY2','$2a$11$7fwxWndyDxdNYgbVXCCALe','2024-03-06 14:17:15.522361','2024-03-06 14:17:15.522361'),('e2c3d4e7-bd4b-45ab-95d5-9fd6294f2237','Jenny','Clark','12345678','jenny@gmail.com','$2a$11$qXfdp.9JUUjVabAVQGgMWuq4PAHnys9Kmt3CzwG/3F7zLEcK4Sv1G','$2a$11$qXfdp.9JUUjVabAVQGgMWu','2024-03-06 14:25:45.708754','2024-03-06 14:25:45.708754'),('e736c4f5-fc24-4be1-b7de-d8532d90cd2d','Kevin','Wilson','45671234','kevin@gmail.com','$2a$11$9bJfzv0m6tz2SzJXNX7XieWzq8CpdEw9VmWVqX7tnQ7M84o/LKJXq','$2a$11$9bJfzv0m6tz2SzJXNX7Xie','2024-03-06 14:30:08.957222','2024-03-06 14:30:08.957222'),('f3e2d1c0-ba9c-4ff1-a3f5-b6de37b8c9c7','David','Martinez','23456789','david@gmail.com','$2a$11$NblVPp4YhWWj4MxYsX6zvOp2UPXaYMPsv7IZTkZtSWWkpCz2XM/kq','$2a$11$NblVPp4YhWWj4MxYsX6zvO','2024-03-06 14:31:57.619093','2024-03-06 14:31:57.619093');
/*!40000 ALTER TABLE `coaches` ENABLE KEYS */;
UNLOCK TABLES;

--
-- Table structure for table `game_attendences`
--

DROP TABLE IF EXISTS `game_attendences`;
/*!40101 SET @saved_cs_client     = @@character_set_client */;
/*!50503 SET character_set_client = utf8mb4 */;
CREATE TABLE `game_attendences` (
  `Id` char(36) CHARACTER SET ascii COLLATE ascii_general_ci NOT NULL,
  `GameId` char(36) CHARACTER SET ascii COLLATE ascii_general_ci NOT NULL,
  `PlayerId` char(36) CHARACTER SET ascii COLLATE ascii_general_ci NOT NULL,
  `Created` datetime(6) NOT NULL,
  `Updated` datetime(6) NOT NULL,
  PRIMARY KEY (`Id`),
  KEY `IX_Game_attendences_GameId` (`GameId`),
  KEY `IX_Game_attendences_PlayerId` (`PlayerId`),
  CONSTRAINT `FK_Game_attendences_Games_GameId` FOREIGN KEY (`GameId`) REFERENCES `games` (`Id`) ON DELETE CASCADE,
  CONSTRAINT `FK_Game_attendences_Players_PlayerId` FOREIGN KEY (`PlayerId`) REFERENCES `players` (`Id`) ON DELETE CASCADE
) ENGINE=InnoDB DEFAULT CHARSET=utf8mb4 COLLATE=utf8mb4_0900_ai_ci;
/*!40101 SET character_set_client = @saved_cs_client */;

--
-- Dumping data for table `game_attendences`
--

LOCK TABLES `game_attendences` WRITE;
/*!40000 ALTER TABLE `game_attendences` DISABLE KEYS */;
INSERT INTO `game_attendences` VALUES ('8215514a-c2f8-46fd-a547-ab5c1fc76004','2f042e86-d75e-4591-a810-aca808cdd0d9','12345678-1234-1234-1234-123456789abc','2024-03-11 10:01:45.179495','2024-03-11 10:01:45.179495'),('8415514a-c2f8-46fd-a547-ab5c1fc76111','2f042e86-d75e-4591-a810-aca808cdd0d9','87654321-1234-1234-1234-123456789111','2024-03-11 10:01:45.179495','2024-03-11 10:01:45.179495'),('8615514a-c2f8-46fd-a547-ab5c1fc76222','2f042e86-d75e-4591-a810-aca808726531','65445678-1234-1234-1234-1234567ccbba','2024-03-14 15:01:45.179495','2024-03-14 15:01:45.179495'),('8815514a-c2f8-46fd-a547-ab5c1fc76333','2f042e86-d75e-4591-a810-aca808726531','87654321-2345-2345-2345-123456789222','2024-03-16 12:01:45.179495','2024-03-16 12:01:45.179495'),('9015514a-c2f8-46fd-a547-ab5c1fc76444','2f042e86-d75e-4591-a810-aca808cdd0d4','87654321-7890-7890-7890-123456789000','2024-03-19 14:01:45.179495','2024-03-19 14:01:45.179495'),('9215514a-c2f8-46fd-a547-ab5c1fc76555','2f042e86-d75e-4591-a810-aca808cdd0d4','87654321-8901-8901-8901-123456789cb2','2024-03-22 11:01:45.179495','2024-03-22 11:01:45.179495'),('9415514a-c2f8-46fd-a547-ab5c1fc76666','2f042e86-d75e-4591-a810-aca80812cde3','87654321-7890-7890-7890-123456789000','2024-03-25 10:01:45.179495','2024-03-25 10:01:45.179495'),('9615514a-c2f8-46fd-a547-ab5c1fc76777','2f042e86-d75e-4591-a810-aca80872f104','65445678-1234-1234-1234-1234567ccbba','2024-03-28 13:01:45.179495','2024-03-28 13:01:45.179495'),('9815514a-c2f8-46fd-a547-ab5c1fc76888','2f042e86-d75e-4591-a810-aca80872f104','87654321-5678-5678-5678-123456789555','2024-04-01 11:01:45.179495','2024-04-01 11:01:45.179495'),('a015514a-c2f8-46fd-a547-ab5c1fc76999','2f042e86-d75e-4591-a810-aca80872653c','87654321-0123-0123-0123-123456789122','2024-04-05 15:01:45.179495','2024-04-05 15:01:45.179495'),('a215514a-c2f8-46fd-a547-ab5c1fc76a10','2f042e86-d75e-4591-a810-aca80872a930','87654321-8901-8901-8901-123456789888','2024-04-09 12:01:45.179495','2024-04-09 12:01:45.179495'),('a415514a-c2f8-46fd-a547-ab5c1fc76b11','2f042e86-d75e-4591-a810-aca80872a930','87654321-1234-1234-1234-123456789133','2024-04-13 10:01:45.179495','2024-04-13 10:01:45.179495'),('a615514a-c2f8-46fd-a547-ab5c1fc76c12','2f042e86-d75e-4591-a810-aca80872aaa5','12345678-1234-1234-1234-123456789abc','2024-04-17 15:01:45.179495','2024-04-17 15:01:45.179495'),('a815514a-c2f8-46fd-a547-ab5c1fc76d13','2f042e86-d75e-4591-a810-aca80872aaa5','87654321-4567-4567-4567-123456789166','2024-04-21 10:01:45.179495','2024-04-21 10:01:45.179495'),('aa15514a-c2f8-46fd-a547-ab5c1fc76e14','2f042e86-d75e-4591-a810-aca80872bbb6','87654321-1234-1234-1234-123456789111','2024-04-25 12:01:45.179495','2024-04-25 12:01:45.179495'),('ac15514a-c2f8-46fd-a547-ab5c1fc76f15','2f042e86-d75e-4591-a810-aca80872bbb6','87654321-6789-6789-6789-123456789188','2024-04-29 11:01:45.179495','2024-04-29 11:01:45.179495'),('ae15514a-c2f8-46fd-a547-ab5c1fc76a16','2f042e86-d75e-4591-a810-aca80872ccc7','87654321-3456-3456-3456-123456789333','2024-05-03 13:01:45.179495','2024-05-03 13:01:45.179495'),('b015514a-c2f8-46fd-a547-ab5c1fc76b17','2f042e86-d75e-4591-a810-aca80872ccc7','87654321-2345-2345-2345-123456789144','2024-05-07 14:01:45.179495','2024-05-07 14:01:45.179495'),('b215514a-c2f8-46fd-a547-ab5c1fc76c18','2f042e86-d75e-4591-a810-aca80872654a','87654321-2345-2345-2345-123456789222','2024-05-11 15:01:45.179495','2024-05-11 15:01:45.179495'),('b415514a-c2f8-46fd-a547-ab5c1fc76d19','2f042e86-d75e-4591-a810-aca80872654a','87654321-7890-7890-7890-123456789777','2024-05-15 16:01:45.179495','2024-05-15 16:01:45.179495');
/*!40000 ALTER TABLE `game_attendences` ENABLE KEYS */;
UNLOCK TABLES;

--
-- Table structure for table `games`
--

DROP TABLE IF EXISTS `games`;
/*!40101 SET @saved_cs_client     = @@character_set_client */;
/*!50503 SET character_set_client = utf8mb4 */;
CREATE TABLE `games` (
  `Id` char(36) CHARACTER SET ascii COLLATE ascii_general_ci NOT NULL,
  `Location` longtext CHARACTER SET utf8mb4 COLLATE utf8mb4_0900_ai_ci NOT NULL,
  `HomeTeam` char(36) CHARACTER SET ascii COLLATE ascii_general_ci NOT NULL,
  `AwayTeam` char(36) CHARACTER SET ascii COLLATE ascii_general_ci NOT NULL,
  `GameTime` datetime(6) NOT NULL,
  `Created` datetime(6) NOT NULL,
  `Updated` datetime(6) NOT NULL,
  PRIMARY KEY (`Id`)
) ENGINE=InnoDB DEFAULT CHARSET=utf8mb4 COLLATE=utf8mb4_0900_ai_ci;
/*!40101 SET character_set_client = @saved_cs_client */;

--
-- Dumping data for table `games`
--

LOCK TABLES `games` WRITE;
/*!40000 ALTER TABLE `games` DISABLE KEYS */;
INSERT INTO `games` VALUES ('2f042e86-d75e-4591-a810-aca80812cde3','Bergen','8e9f0a1b-2c3d-4e5f-6a7b-8c9d0e1f2018','9f0a1b2c-3d4e-5f6a-7b8c-9d0e1f2a3019','2024-03-16 11:00:49.312000','2024-03-16 12:00:29.081990','2024-03-16 12:00:29.081990'),('2f042e86-d75e-4591-a810-aca808725555','Bærum','a3b2a7e5-b0e2-40e2-a42d-69e10a22d011','b01b6b08-2f43-4be5-b40b-7b9fd2d3d009','2024-04-17 13:00:49.312000','2024-04-17 14:00:29.081990','2024-04-17 14:00:29.081990'),('2f042e86-d75e-4591-a810-aca808726531','Sandefjord','d7e21b6a-c28c-47e8-8b0b-5a93ffbbf002','b2d84d4e-921c-4c17-af43-18d13b105004','2024-12-06 09:30:49.312000','2024-03-11 11:00:29.081990','2024-03-11 11:00:29.081990'),('2f042e86-d75e-4591-a810-aca80872653c','Bergen','e5d5e6a2-e5e4-4d79-a3c5-ccfd36f7c012','0a1b2c3d-4e5f-6a7b-8c9d-0e1f2a3b4020','2024-12-06 09:30:49.312000','2024-03-11 11:00:29.081990','2024-03-11 11:00:29.081990'),('2f042e86-d75e-4591-a810-aca80872654a','Arendal','b2d84d4e-921c-4c17-af43-18d13b105004','b01b6b08-2f43-4be5-b40b-7b9fd2d3d009','2024-04-05 14:00:49.312000','2024-04-05 15:00:29.081990','2024-04-05 15:00:29.081990'),('2f042e86-d75e-4591-a810-aca808726666','Sarpsborg','d1b2c3a4-e5f6-4b2d-98a1-b3c4d5e6f016','7d8e9f0a-1b2c-3d4e-5f6a-7b8c9d0e1017','2024-04-21 10:30:49.312000','2024-04-21 11:00:29.081990','2024-04-21 11:00:29.081990'),('2f042e86-d75e-4591-a810-aca808726b02','Molde','c9c7d687-946d-426f-9364-c6e1c3d2b010','ee57d1c3-b41b-4be8-b45e-14f2a25b1001','2024-04-13 09:30:49.312000','2024-04-13 10:00:29.081990','2024-04-13 10:00:29.081990'),('2f042e86-d75e-4591-a810-aca808727777','Drammen','b01b6b08-2f43-4be5-b40b-7b9fd2d3d009','d7e21b6a-c28c-47e8-8b0b-5a93ffbbf002','2024-04-25 12:45:49.312000','2024-04-25 13:30:29.081990','2024-04-25 13:30:29.081990'),('2f042e86-d75e-4591-a810-aca808728888','Akershus','f3c4e1a2-b3d5-46e8-b5c2-7f8d9e0a1015','b2d84d4e-921c-4c17-af43-18d13b105004','2024-04-29 09:00:49.312000','2024-04-29 10:00:29.081990','2024-04-29 10:00:29.081990'),('2f042e86-d75e-4591-a810-aca808729999','Nordstrand','d3b5a3d1-e0f2-4bf6-a5c3-7e8d9f1a2013','da6d3453-70b9-487d-b31e-f0f3d75fe005','2024-05-03 15:30:49.312000','2024-05-03 16:00:29.081990','2024-05-03 16:00:29.081990'),('2f042e86-d75e-4591-a810-aca80872a0b1','Bodø','7d8e9f0a-1b2c-3d4e-5f6a-7b8c9d0e1017','dab3e709-5dfb-4d40-b5e7-3fe17ff2b008','2024-04-09 11:15:49.312000','2024-04-09 12:00:29.081990','2024-04-09 12:00:29.081990'),('2f042e86-d75e-4591-a810-aca80872a930','Oslo','d3b5a3d1-e0f2-4bf6-a5c3-7e8d9f1a2013','c9c7d687-946d-426f-9364-c6e1c3d2b010','2024-03-14 14:30:49.312000','2024-03-14 15:00:29.081990','2024-03-14 15:00:29.081990'),('2f042e86-d75e-4591-a810-aca80872aaa5','Fortaleza','ee57d1c3-b41b-4be8-b45e-14f2a25b1001','d1b2c3a4-e5f6-4b2d-98a1-b3c4d5e6f016','2024-03-22 10:15:49.312000','2024-03-22 11:00:29.081990','2024-03-22 11:00:29.081990'),('2f042e86-d75e-4591-a810-aca80872bbb6','Tromsø','8e9f0a1b-2c3d-4e5f-6a7b-8c9d0e1f2018','a8f93c52-d1b0-4e46-a8f8-22ab9c50d003','2024-03-25 09:00:49.312000','2024-03-25 10:00:29.081990','2024-03-25 10:00:29.081990'),('2f042e86-d75e-4591-a810-aca80872bcf1','Rogaland','a8f93c52-d1b0-4e46-a8f8-22ab9c50d003','e5d5e6a2-e5e4-4d79-a3c5-ccfd36f7c012','2024-05-07 11:15:49.312000','2024-05-07 12:00:29.081990','2024-05-07 12:00:29.081990'),('2f042e86-d75e-4591-a810-aca80872ccc7','Kristiansand','e1a2b3d4-f5b6-4f3d-a8e6-9b0c1d2e3014','da6d3453-70b9-487d-b31e-f0f3d75fe005','2024-03-28 12:30:49.312000','2024-03-28 13:30:29.081990','2024-03-28 13:30:29.081990'),('2f042e86-d75e-4591-a810-aca80872f104','Trondheim','c04d382e-69e8-49ef-bc28-1f8d2ab2c007','d7e21b6a-c28c-47e8-8b0b-5a93ffbbf002','2024-03-19 13:45:49.312000','2024-03-19 14:30:29.081990','2024-03-19 14:30:29.081990'),('2f042e86-d75e-4591-a810-aca808cdd0d4','Moss','9f0a1b2c-3d4e-5f6a-7b8c-9d0e1f2a3019','b408f10b-cde8-4ecb-91c2-7a5669bb7006','2024-12-11 08:59:49.312000','2024-03-11 10:00:29.081990','2024-03-11 10:00:29.081990'),('2f042e86-d75e-4591-a810-aca808cdd0d9','Moss','ee57d1c3-b41b-4be8-b45e-14f2a25b1001','a8f93c52-d1b0-4e46-a8f8-22ab9c50d003','2024-03-11 08:59:49.312000','2024-03-11 10:00:29.081990','2024-03-11 10:00:29.081990'),('2f042e86-d75e-4591-a810-aca808dddd81','Fredrikstad','f3c4e1a2-b3d5-46e8-b5c2-7f8d9e0a1015','7d8e9f0a-1b2c-3d4e-5f6a-7b8c9d0e1017','2024-04-01 10:45:49.312000','2024-04-01 11:30:29.081990','2024-04-01 11:30:29.081990');
/*!40000 ALTER TABLE `games` ENABLE KEYS */;
UNLOCK TABLES;

--
-- Table structure for table `jwt_roles`
--

DROP TABLE IF EXISTS `jwt_roles`;
/*!40101 SET @saved_cs_client     = @@character_set_client */;
/*!50503 SET character_set_client = utf8mb4 */;
CREATE TABLE `jwt_roles` (
  `Id` int NOT NULL AUTO_INCREMENT,
  `RoleName` longtext CHARACTER SET utf8mb4 COLLATE utf8mb4_0900_ai_ci NOT NULL,
  PRIMARY KEY (`Id`)
) ENGINE=InnoDB AUTO_INCREMENT=4 DEFAULT CHARSET=utf8mb4 COLLATE=utf8mb4_0900_ai_ci;
/*!40101 SET character_set_client = @saved_cs_client */;

--
-- Dumping data for table `jwt_roles`
--

LOCK TABLES `jwt_roles` WRITE;
/*!40000 ALTER TABLE `jwt_roles` DISABLE KEYS */;
INSERT INTO `jwt_roles` VALUES (1,'Admin'),(2,'Coach'),(3,'User');
/*!40000 ALTER TABLE `jwt_roles` ENABLE KEYS */;
UNLOCK TABLES;

--
-- Table structure for table `jwt_user_roles`
--

DROP TABLE IF EXISTS `jwt_user_roles`;
/*!40101 SET @saved_cs_client     = @@character_set_client */;
/*!50503 SET character_set_client = utf8mb4 */;
CREATE TABLE `jwt_user_roles` (
  `Id` char(36) CHARACTER SET ascii COLLATE ascii_general_ci NOT NULL,
  `UserName` longtext CHARACTER SET utf8mb4 COLLATE utf8mb4_0900_ai_ci,
  `JwtRoleId` int NOT NULL,
  PRIMARY KEY (`Id`),
  KEY `IX_Jwt_user_roles_JwtRoleId` (`JwtRoleId`),
  CONSTRAINT `FK_Jwt_user_roles_Jwt_roles_JwtRoleId` FOREIGN KEY (`JwtRoleId`) REFERENCES `jwt_roles` (`Id`) ON DELETE CASCADE
) ENGINE=InnoDB DEFAULT CHARSET=utf8mb4 COLLATE=utf8mb4_0900_ai_ci;
/*!40101 SET character_set_client = @saved_cs_client */;

--
-- Dumping data for table `jwt_user_roles`
--

LOCK TABLES `jwt_user_roles` WRITE;
/*!40000 ALTER TABLE `jwt_user_roles` DISABLE KEYS */;
INSERT INTO `jwt_user_roles` VALUES ('16d27b3e-1c62-4f1c-a0a6-58d4b5900a41','sophie@hotmail.com',2),('1c9159f5-3c25-4e1c-a88e-d6344f5c08f0','emma123@hotmail.com',3),('236d4175-af34-4e2b-9d9b-d49f3066c30e','emily@hotmail.com',2),('2b9d1a7c-1a4b-4fd5-aa17-875bb65e8b73','elsrøn@yyoyo.no',3),('2bd16825-05e8-471f-b470-bf6d0ebf9b4d','mike@hotmail.com',2),('3476070b-cf5f-4d1c-8ac6-30a22d4ffde0','chris@yahoo.com',2),('34d1c084-0a9c-4c08-bef2-7c7f14b6b00d','per@msn.no',3),('36a44dd1-fbea-4568-9d88-f4d104c2e61d','ingrid@gmail.com',3),('3c82e749-78d5-4b0d-98de-95df258d34db','jenny@gmail.com',2),('42eb3b25-d50e-4847-8e58-52d1fdd12382','trine@yahoo.no',3),('4898edf1-47ec-421d-b9b5-1980d80f0447','anna@yahoo.com',2),('4cf7b7dc-2d34-4b5e-aa5b-4bde63d0e285','siri@abc.no',3),('50c36168-4f10-43b1-946d-4c4d45af5e95','jens@gmail.com',3),('5a9d97d3-59e3-4988-85b7-43f7e021c83f','kari@gmail.com',3),('5f6d4727-70e7-47cb-810b-42dc289be6d7','emma@hotmail.com',2),('62d2794d-4dc8-4824-9f55-f1b40f2c8d3d','hans@yahoo.no',3),('6a42b9c1-f154-41c2-8132-3c33f7b92d3b','ida@hotmail.com',3),('6b88fb1e-cb12-4b0e-a9b4-1959cfb8d426','quyen123@hotmail.com',2),('7a38e60a-1274-46d5-b99f-16a32b6e617d','martin@gmail.com',3),('7d8100e4-5f56-4e3b-992f-12c5de4ff798','john@gmail.com',2),('7f9e7eae-69f3-4e68-b7b7-ef961b86e3c1','sarah@hotmail.com',2),('80281e62-81e4-4d87-8e7c-2ab1b1b9e389','mike@msn.no',2),('8dcb0a5e-85e3-4a2f-8d7a-8be1fe832d49','sara@abc.no',3),('90321a58-5736-4843-9eae-ae7b009c8fe1','linda@gmail.com',2),('920682c5-6116-4410-8d6c-14e4d9f4dabe','sol@epost.com',2),('a2f874df-746f-4993-8e65-7d87f3b42549','quyen123@hotmail.com',1),('a52264d1-8892-4327-9ee5-bf5c0c52ee09','salami@gmail.com',3),('a7b5c39f-b5d1-4890-b1aa-2e3d0b0b571b','kristine@hotmail.com',3),('b3a8b56e-75ef-4f39-bc68-eb7c7a5d6eb2','ottis@epost.no',2),('c2a5c4d3-d926-4226-96b0-7144d94d22f1','kevin@gmail.com',2),('c8040981-3ed1-4900-b634-7f0371d98c21','jwal@gmail.com',3),('d60e5e1d-883d-4c5b-a0d6-2ecfd48c3289','lisa@yahoo.no',2),('d6a95ecb-af14-4657-8609-87cf36b1c0b4','koppen@gmail.com',2),('d9a0fbd7-4ae4-4de5-b82a-cfa1c169f4a4','olsen@gmail.com',3),('e4573299-52a6-4f51-a0d3-0be04bfdbb35','eiho@yyoyo.no',3),('e621b274-9944-45d5-a4cf-ef36e5d5d10f','lucas@hotmail.com',2),('e6b14dfb-1c3f-4582-a535-5a12426d2a36','david@gmail.com',2),('e94479d6-874b-49a4-a585-4fd0c869c96f','anne@outlook.com',3),('ebc3fd0e-32a6-4d07-90ab-5e0445ef7a77','alex@outlook.com',2),('f01b327e-67b5-4644-97e3-d360b6b2b1a4','lars@hotmail.com',3),('f0c1b8f8-b74a-4d7e-8374-8221927865f2','mariah@yahoo.com',3);
/*!40000 ALTER TABLE `jwt_user_roles` ENABLE KEYS */;
UNLOCK TABLES;

--
-- Table structure for table `logs`
--

DROP TABLE IF EXISTS `logs`;
/*!40101 SET @saved_cs_client     = @@character_set_client */;
/*!50503 SET character_set_client = utf8mb4 */;
CREATE TABLE `logs` (
  `id` int NOT NULL AUTO_INCREMENT,
  `Timestamp` varchar(100) DEFAULT NULL,
  `Level` varchar(15) DEFAULT NULL,
  `Template` text,
  `Message` text,
  `Exception` text,
  `Properties` text,
  `_ts` timestamp NULL DEFAULT CURRENT_TIMESTAMP,
  PRIMARY KEY (`id`)
) ENGINE=InnoDB AUTO_INCREMENT=96 DEFAULT CHARSET=utf8mb4 COLLATE=utf8mb4_0900_ai_ci;
/*!40101 SET character_set_client = @saved_cs_client */;

--
-- Dumping data for table `logs`
--

LOCK TABLES `logs` WRITE;
/*!40000 ALTER TABLE `logs` DISABLE KEYS */;
INSERT INTO `logs` VALUES (1,'2024-04-20 09:47:08.365+02:00','Debug','Getting gameattendances by TeamID: {id}','Getting gameattendances by TeamID: ee57d1c3-b41b-4be8-b45e-14f2a25b1001',NULL,'{\"id\":\"ee57d1c3-b41b-4be8-b45e-14f2a25b1001\",\"SourceContext\":\"CoachConnect.API.Controllers.GameAttendancesController\",\"ActionId\":\"f18ddb70-ddd1-4068-952c-cbf47b10d68d\",\"ActionName\":\"CoachConnect.API.Controllers.GameAttendancesController.GetGameAttendancesByTeamId (CoachConnect.API)\",\"RequestId\":\"0HN311NH9PLSB:00000019\",\"RequestPath\":\"/api/v1/gameattendances/team/ee57d1c3-b41b-4be8-b45e-14f2a25b1001\",\"ConnectionId\":\"0HN311NH9PLSB\"}','2024-04-20 07:47:13'),(2,'2024-04-20 09:47:08.450+02:00','Debug','Getting Gameattendances by teamid: {id}','Getting Gameattendances by teamid: ee57d1c3-b41b-4be8-b45e-14f2a25b1001',NULL,'{\"id\":\"ee57d1c3-b41b-4be8-b45e-14f2a25b1001\",\"SourceContext\":\"CoachConnect.BusinessLayer.Services.GameAttendanceService\",\"ActionId\":\"f18ddb70-ddd1-4068-952c-cbf47b10d68d\",\"ActionName\":\"CoachConnect.API.Controllers.GameAttendancesController.GetGameAttendancesByTeamId (CoachConnect.API)\",\"RequestId\":\"0HN311NH9PLSB:00000019\",\"RequestPath\":\"/api/v1/gameattendances/team/ee57d1c3-b41b-4be8-b45e-14f2a25b1001\",\"ConnectionId\":\"0HN311NH9PLSB\"}','2024-04-20 07:47:13'),(3,'2024-04-20 09:47:08.461+02:00','Debug','Getting Gameattendances by teamid: {id} from db','Getting Gameattendances by teamid: \"TeamId { teamId = ee57d1c3-b41b-4be8-b45e-14f2a25b1001 }\" from db',NULL,'{\"id\":\"TeamId { teamId = ee57d1c3-b41b-4be8-b45e-14f2a25b1001 }\",\"SourceContext\":\"CoachConnect.DataAccess.Repositories.GameAttendanceRepository\",\"ActionId\":\"f18ddb70-ddd1-4068-952c-cbf47b10d68d\",\"ActionName\":\"CoachConnect.API.Controllers.GameAttendancesController.GetGameAttendancesByTeamId (CoachConnect.API)\",\"RequestId\":\"0HN311NH9PLSB:00000019\",\"RequestPath\":\"/api/v1/gameattendances/team/ee57d1c3-b41b-4be8-b45e-14f2a25b1001\",\"ConnectionId\":\"0HN311NH9PLSB\"}','2024-04-20 07:47:13'),(4,'2024-04-20 09:47:11.058+02:00','Information','HTTP {RequestMethod} {RequestPath} responded {StatusCode} in {Elapsed:0.0000} ms','HTTP \"GET\" \"/api/v1/gameattendances/team/ee57d1c3-b41b-4be8-b45e-14f2a25b1001\" responded 200 in 3542.9415 ms',NULL,'{\"RequestMethod\":\"GET\",\"RequestPath\":\"/api/v1/gameattendances/team/ee57d1c3-b41b-4be8-b45e-14f2a25b1001\",\"StatusCode\":200,\"Elapsed\":3542.9415,\"SourceContext\":\"Serilog.AspNetCore.RequestLoggingMiddleware\",\"RequestId\":\"0HN311NH9PLSB:00000019\",\"ConnectionId\":\"0HN311NH9PLSB\"}','2024-04-20 07:47:13'),(5,'2024-04-20 09:49:35.385+02:00','Debug','Getting GameAttendances','Getting GameAttendances',NULL,'{\"SourceContext\":\"CoachConnect.API.Controllers.GameAttendancesController\",\"ActionId\":\"be7a3108-d504-4dc0-89b4-736b48cb5177\",\"ActionName\":\"CoachConnect.API.Controllers.GameAttendancesController.GetAllGameAttendances (CoachConnect.API)\",\"RequestId\":\"0HN311NH9PLSB:0000001B\",\"RequestPath\":\"/api/v1/gameattendances\",\"ConnectionId\":\"0HN311NH9PLSB\"}','2024-04-20 07:49:43'),(6,'2024-04-20 09:49:35.389+02:00','Debug','Getting all games','Getting all games',NULL,'{\"SourceContext\":\"CoachConnect.BusinessLayer.Services.GameAttendanceService\",\"ActionId\":\"be7a3108-d504-4dc0-89b4-736b48cb5177\",\"ActionName\":\"CoachConnect.API.Controllers.GameAttendancesController.GetAllGameAttendances (CoachConnect.API)\",\"RequestId\":\"0HN311NH9PLSB:0000001B\",\"RequestPath\":\"/api/v1/gameattendances\",\"ConnectionId\":\"0HN311NH9PLSB\"}','2024-04-20 07:49:43'),(7,'2024-04-20 09:49:35.396+02:00','Debug','Getting GameAttendances from db','Getting GameAttendances from db',NULL,'{\"SourceContext\":\"CoachConnect.DataAccess.Repositories.GameAttendanceRepository\",\"ActionId\":\"be7a3108-d504-4dc0-89b4-736b48cb5177\",\"ActionName\":\"CoachConnect.API.Controllers.GameAttendancesController.GetAllGameAttendances (CoachConnect.API)\",\"RequestId\":\"0HN311NH9PLSB:0000001B\",\"RequestPath\":\"/api/v1/gameattendances\",\"ConnectionId\":\"0HN311NH9PLSB\"}','2024-04-20 07:49:43'),(8,'2024-04-20 09:49:35.470+02:00','Warning','The query uses a row limiting operator (\'Skip\'/\'Take\') without an \'OrderBy\' operator. This may lead to unpredictable results. If the \'Distinct\' operator is used after \'OrderBy\', then make sure to use the \'OrderBy\' operator after \'Distinct\' as the ordering would otherwise get erased.','The query uses a row limiting operator (\'Skip\'/\'Take\') without an \'OrderBy\' operator. This may lead to unpredictable results. If the \'Distinct\' operator is used after \'OrderBy\', then make sure to use the \'OrderBy\' operator after \'Distinct\' as the ordering would otherwise get erased.',NULL,'{\"EventId\":{\"Id\":10102,\"Name\":\"Microsoft.EntityFrameworkCore.Query.RowLimitingOperationWithoutOrderByWarning\"},\"SourceContext\":\"Microsoft.EntityFrameworkCore.Query\",\"ActionId\":\"be7a3108-d504-4dc0-89b4-736b48cb5177\",\"ActionName\":\"CoachConnect.API.Controllers.GameAttendancesController.GetAllGameAttendances (CoachConnect.API)\",\"RequestId\":\"0HN311NH9PLSB:0000001B\",\"RequestPath\":\"/api/v1/gameattendances\",\"ConnectionId\":\"0HN311NH9PLSB\"}','2024-04-20 07:49:43'),(9,'2024-04-20 09:49:35.475+02:00','Warning','The query uses a row limiting operator (\'Skip\'/\'Take\') without an \'OrderBy\' operator. This may lead to unpredictable results. If the \'Distinct\' operator is used after \'OrderBy\', then make sure to use the \'OrderBy\' operator after \'Distinct\' as the ordering would otherwise get erased.','The query uses a row limiting operator (\'Skip\'/\'Take\') without an \'OrderBy\' operator. This may lead to unpredictable results. If the \'Distinct\' operator is used after \'OrderBy\', then make sure to use the \'OrderBy\' operator after \'Distinct\' as the ordering would otherwise get erased.',NULL,'{\"EventId\":{\"Id\":10102,\"Name\":\"Microsoft.EntityFrameworkCore.Query.RowLimitingOperationWithoutOrderByWarning\"},\"SourceContext\":\"Microsoft.EntityFrameworkCore.Query\",\"ActionId\":\"be7a3108-d504-4dc0-89b4-736b48cb5177\",\"ActionName\":\"CoachConnect.API.Controllers.GameAttendancesController.GetAllGameAttendances (CoachConnect.API)\",\"RequestId\":\"0HN311NH9PLSB:0000001B\",\"RequestPath\":\"/api/v1/gameattendances\",\"ConnectionId\":\"0HN311NH9PLSB\"}','2024-04-20 07:49:43'),(10,'2024-04-20 09:49:35.603+02:00','Information','HTTP {RequestMethod} {RequestPath} responded {StatusCode} in {Elapsed:0.0000} ms','HTTP \"GET\" \"/api/v1/gameattendances\" responded 200 in 281.3895 ms',NULL,'{\"RequestMethod\":\"GET\",\"RequestPath\":\"/api/v1/gameattendances\",\"StatusCode\":200,\"Elapsed\":281.3895,\"SourceContext\":\"Serilog.AspNetCore.RequestLoggingMiddleware\",\"RequestId\":\"0HN311NH9PLSB:0000001B\",\"ConnectionId\":\"0HN311NH9PLSB\"}','2024-04-20 07:49:43'),(11,'2024-04-20 09:50:01.758+02:00','Debug','Getting GameAttendances','Getting GameAttendances',NULL,'{\"SourceContext\":\"CoachConnect.API.Controllers.GameAttendancesController\",\"ActionId\":\"be7a3108-d504-4dc0-89b4-736b48cb5177\",\"ActionName\":\"CoachConnect.API.Controllers.GameAttendancesController.GetAllGameAttendances (CoachConnect.API)\",\"RequestId\":\"0HN311NH9PLSB:0000001D\",\"RequestPath\":\"/api/v1/gameattendances\",\"ConnectionId\":\"0HN311NH9PLSB\"}','2024-04-20 07:50:03'),(12,'2024-04-20 09:50:01.763+02:00','Debug','Getting all games','Getting all games',NULL,'{\"SourceContext\":\"CoachConnect.BusinessLayer.Services.GameAttendanceService\",\"ActionId\":\"be7a3108-d504-4dc0-89b4-736b48cb5177\",\"ActionName\":\"CoachConnect.API.Controllers.GameAttendancesController.GetAllGameAttendances (CoachConnect.API)\",\"RequestId\":\"0HN311NH9PLSB:0000001D\",\"RequestPath\":\"/api/v1/gameattendances\",\"ConnectionId\":\"0HN311NH9PLSB\"}','2024-04-20 07:50:03'),(13,'2024-04-20 09:50:01.768+02:00','Debug','Getting GameAttendances from db','Getting GameAttendances from db',NULL,'{\"SourceContext\":\"CoachConnect.DataAccess.Repositories.GameAttendanceRepository\",\"ActionId\":\"be7a3108-d504-4dc0-89b4-736b48cb5177\",\"ActionName\":\"CoachConnect.API.Controllers.GameAttendancesController.GetAllGameAttendances (CoachConnect.API)\",\"RequestId\":\"0HN311NH9PLSB:0000001D\",\"RequestPath\":\"/api/v1/gameattendances\",\"ConnectionId\":\"0HN311NH9PLSB\"}','2024-04-20 07:50:03'),(14,'2024-04-20 09:50:01.911+02:00','Information','HTTP {RequestMethod} {RequestPath} responded {StatusCode} in {Elapsed:0.0000} ms','HTTP \"GET\" \"/api/v1/gameattendances\" responded 200 in 169.9725 ms',NULL,'{\"RequestMethod\":\"GET\",\"RequestPath\":\"/api/v1/gameattendances\",\"StatusCode\":200,\"Elapsed\":169.9725,\"SourceContext\":\"Serilog.AspNetCore.RequestLoggingMiddleware\",\"RequestId\":\"0HN311NH9PLSB:0000001D\",\"ConnectionId\":\"0HN311NH9PLSB\"}','2024-04-20 07:50:03'),(15,'2024-04-20 10:02:20.937+02:00','Debug','Getting GameAttendances','Getting GameAttendances',NULL,'{\"SourceContext\":\"CoachConnect.API.Controllers.GameAttendancesController\",\"ActionId\":\"87a6ec56-b93c-47a7-9be0-66ed184e4972\",\"ActionName\":\"CoachConnect.API.Controllers.GameAttendancesController.GetAllGameAttendances (CoachConnect.API)\",\"RequestId\":\"0HN311VNAF7K0:00000019\",\"RequestPath\":\"/api/v1/gameattendances\",\"ConnectionId\":\"0HN311VNAF7K0\"}','2024-04-20 08:02:22'),(16,'2024-04-20 10:02:21.012+02:00','Debug','Getting all games','Getting all games',NULL,'{\"SourceContext\":\"CoachConnect.BusinessLayer.Services.GameAttendanceService\",\"ActionId\":\"87a6ec56-b93c-47a7-9be0-66ed184e4972\",\"ActionName\":\"CoachConnect.API.Controllers.GameAttendancesController.GetAllGameAttendances (CoachConnect.API)\",\"RequestId\":\"0HN311VNAF7K0:00000019\",\"RequestPath\":\"/api/v1/gameattendances\",\"ConnectionId\":\"0HN311VNAF7K0\"}','2024-04-20 08:02:22'),(17,'2024-04-20 10:02:21.036+02:00','Debug','Getting GameAttendances from db','Getting GameAttendances from db',NULL,'{\"SourceContext\":\"CoachConnect.DataAccess.Repositories.GameAttendanceRepository\",\"ActionId\":\"87a6ec56-b93c-47a7-9be0-66ed184e4972\",\"ActionName\":\"CoachConnect.API.Controllers.GameAttendancesController.GetAllGameAttendances (CoachConnect.API)\",\"RequestId\":\"0HN311VNAF7K0:00000019\",\"RequestPath\":\"/api/v1/gameattendances\",\"ConnectionId\":\"0HN311VNAF7K0\"}','2024-04-20 08:02:22'),(18,'2024-04-20 10:02:22.520+02:00','Warning','The query uses a row limiting operator (\'Skip\'/\'Take\') without an \'OrderBy\' operator. This may lead to unpredictable results. If the \'Distinct\' operator is used after \'OrderBy\', then make sure to use the \'OrderBy\' operator after \'Distinct\' as the ordering would otherwise get erased.','The query uses a row limiting operator (\'Skip\'/\'Take\') without an \'OrderBy\' operator. This may lead to unpredictable results. If the \'Distinct\' operator is used after \'OrderBy\', then make sure to use the \'OrderBy\' operator after \'Distinct\' as the ordering would otherwise get erased.',NULL,'{\"EventId\":{\"Id\":10102,\"Name\":\"Microsoft.EntityFrameworkCore.Query.RowLimitingOperationWithoutOrderByWarning\"},\"SourceContext\":\"Microsoft.EntityFrameworkCore.Query\",\"ActionId\":\"87a6ec56-b93c-47a7-9be0-66ed184e4972\",\"ActionName\":\"CoachConnect.API.Controllers.GameAttendancesController.GetAllGameAttendances (CoachConnect.API)\",\"RequestId\":\"0HN311VNAF7K0:00000019\",\"RequestPath\":\"/api/v1/gameattendances\",\"ConnectionId\":\"0HN311VNAF7K0\"}','2024-04-20 08:02:32'),(19,'2024-04-20 10:02:22.527+02:00','Warning','The query uses a row limiting operator (\'Skip\'/\'Take\') without an \'OrderBy\' operator. This may lead to unpredictable results. If the \'Distinct\' operator is used after \'OrderBy\', then make sure to use the \'OrderBy\' operator after \'Distinct\' as the ordering would otherwise get erased.','The query uses a row limiting operator (\'Skip\'/\'Take\') without an \'OrderBy\' operator. This may lead to unpredictable results. If the \'Distinct\' operator is used after \'OrderBy\', then make sure to use the \'OrderBy\' operator after \'Distinct\' as the ordering would otherwise get erased.',NULL,'{\"EventId\":{\"Id\":10102,\"Name\":\"Microsoft.EntityFrameworkCore.Query.RowLimitingOperationWithoutOrderByWarning\"},\"SourceContext\":\"Microsoft.EntityFrameworkCore.Query\",\"ActionId\":\"87a6ec56-b93c-47a7-9be0-66ed184e4972\",\"ActionName\":\"CoachConnect.API.Controllers.GameAttendancesController.GetAllGameAttendances (CoachConnect.API)\",\"RequestId\":\"0HN311VNAF7K0:00000019\",\"RequestPath\":\"/api/v1/gameattendances\",\"ConnectionId\":\"0HN311VNAF7K0\"}','2024-04-20 08:02:32'),(20,'2024-04-20 10:02:23.691+02:00','Information','HTTP {RequestMethod} {RequestPath} responded {StatusCode} in {Elapsed:0.0000} ms','HTTP \"GET\" \"/api/v1/gameattendances\" responded 200 in 3438.0981 ms',NULL,'{\"RequestMethod\":\"GET\",\"RequestPath\":\"/api/v1/gameattendances\",\"StatusCode\":200,\"Elapsed\":3438.0981,\"SourceContext\":\"Serilog.AspNetCore.RequestLoggingMiddleware\",\"RequestId\":\"0HN311VNAF7K0:00000019\",\"ConnectionId\":\"0HN311VNAF7K0\"}','2024-04-20 08:02:32'),(21,'2024-04-20 10:02:43.341+02:00','Debug','Getting gameattendances by TeamID: {id}','Getting gameattendances by TeamID: a8f93c52-d1b0-4e46-a8f8-22ab9c50d003',NULL,'{\"id\":\"a8f93c52-d1b0-4e46-a8f8-22ab9c50d003\",\"SourceContext\":\"CoachConnect.API.Controllers.GameAttendancesController\",\"ActionId\":\"7f34f626-481f-4136-a1dd-c42a12a5ccc3\",\"ActionName\":\"CoachConnect.API.Controllers.GameAttendancesController.GetGameAttendancesByTeamId (CoachConnect.API)\",\"RequestId\":\"0HN311VNAF7K0:0000001B\",\"RequestPath\":\"/api/v1/gameattendances/team/a8f93c52-d1b0-4e46-a8f8-22ab9c50d003\",\"ConnectionId\":\"0HN311VNAF7K0\"}','2024-04-20 08:02:52'),(22,'2024-04-20 10:02:43.347+02:00','Debug','Getting Gameattendances by teamid: {id}','Getting Gameattendances by teamid: a8f93c52-d1b0-4e46-a8f8-22ab9c50d003',NULL,'{\"id\":\"a8f93c52-d1b0-4e46-a8f8-22ab9c50d003\",\"SourceContext\":\"CoachConnect.BusinessLayer.Services.GameAttendanceService\",\"ActionId\":\"7f34f626-481f-4136-a1dd-c42a12a5ccc3\",\"ActionName\":\"CoachConnect.API.Controllers.GameAttendancesController.GetGameAttendancesByTeamId (CoachConnect.API)\",\"RequestId\":\"0HN311VNAF7K0:0000001B\",\"RequestPath\":\"/api/v1/gameattendances/team/a8f93c52-d1b0-4e46-a8f8-22ab9c50d003\",\"ConnectionId\":\"0HN311VNAF7K0\"}','2024-04-20 08:02:52'),(23,'2024-04-20 10:02:43.358+02:00','Debug','Getting Gameattendances by teamid: {id} from db','Getting Gameattendances by teamid: \"TeamId { teamId = a8f93c52-d1b0-4e46-a8f8-22ab9c50d003 }\" from db',NULL,'{\"id\":\"TeamId { teamId = a8f93c52-d1b0-4e46-a8f8-22ab9c50d003 }\",\"SourceContext\":\"CoachConnect.DataAccess.Repositories.GameAttendanceRepository\",\"ActionId\":\"7f34f626-481f-4136-a1dd-c42a12a5ccc3\",\"ActionName\":\"CoachConnect.API.Controllers.GameAttendancesController.GetGameAttendancesByTeamId (CoachConnect.API)\",\"RequestId\":\"0HN311VNAF7K0:0000001B\",\"RequestPath\":\"/api/v1/gameattendances/team/a8f93c52-d1b0-4e46-a8f8-22ab9c50d003\",\"ConnectionId\":\"0HN311VNAF7K0\"}','2024-04-20 08:02:52'),(24,'2024-04-20 10:02:43.421+02:00','Information','HTTP {RequestMethod} {RequestPath} responded {StatusCode} in {Elapsed:0.0000} ms','HTTP \"GET\" \"/api/v1/gameattendances/team/a8f93c52-d1b0-4e46-a8f8-22ab9c50d003\" responded 200 in 107.0639 ms',NULL,'{\"RequestMethod\":\"GET\",\"RequestPath\":\"/api/v1/gameattendances/team/a8f93c52-d1b0-4e46-a8f8-22ab9c50d003\",\"StatusCode\":200,\"Elapsed\":107.0639,\"SourceContext\":\"Serilog.AspNetCore.RequestLoggingMiddleware\",\"RequestId\":\"0HN311VNAF7K0:0000001B\",\"ConnectionId\":\"0HN311VNAF7K0\"}','2024-04-20 08:02:52'),(25,'2024-04-20 10:13:22.463+02:00','Debug','Getting game by TeamID: {id}','Getting game by TeamID: ee57d1c3-b41b-4be8-b45e-14f2a25b1001',NULL,'{\"id\":\"ee57d1c3-b41b-4be8-b45e-14f2a25b1001\",\"SourceContext\":\"CoachConnect.API.Controllers.GamesController\",\"ActionId\":\"ce361ff5-bf5d-443a-a3ae-23043aa43295\",\"ActionName\":\"CoachConnect.API.Controllers.GamesController.GetGameByTeamId (CoachConnect.API)\",\"RequestId\":\"0HN3126EF5P8Q:0000001D\",\"RequestPath\":\"/api/v1/games/team/ee57d1c3-b41b-4be8-b45e-14f2a25b1001\",\"ConnectionId\":\"0HN3126EF5P8Q\"}','2024-04-20 08:13:25'),(26,'2024-04-20 10:13:22.536+02:00','Debug','Getting Games by teamid: {id}','Getting Games by teamid: ee57d1c3-b41b-4be8-b45e-14f2a25b1001',NULL,'{\"id\":\"ee57d1c3-b41b-4be8-b45e-14f2a25b1001\",\"SourceContext\":\"CoachConnect.BusinessLayer.Services.GameService\",\"ActionId\":\"ce361ff5-bf5d-443a-a3ae-23043aa43295\",\"ActionName\":\"CoachConnect.API.Controllers.GamesController.GetGameByTeamId (CoachConnect.API)\",\"RequestId\":\"0HN3126EF5P8Q:0000001D\",\"RequestPath\":\"/api/v1/games/team/ee57d1c3-b41b-4be8-b45e-14f2a25b1001\",\"ConnectionId\":\"0HN3126EF5P8Q\"}','2024-04-20 08:13:25'),(27,'2024-04-20 10:13:22.558+02:00','Debug','Getting Games by teamid: {id} from db','Getting Games by teamid: \"TeamId { teamId = ee57d1c3-b41b-4be8-b45e-14f2a25b1001 }\" from db',NULL,'{\"id\":\"TeamId { teamId = ee57d1c3-b41b-4be8-b45e-14f2a25b1001 }\",\"SourceContext\":\"CoachConnect.DataAccess.Repositories.GameRepository\",\"ActionId\":\"ce361ff5-bf5d-443a-a3ae-23043aa43295\",\"ActionName\":\"CoachConnect.API.Controllers.GamesController.GetGameByTeamId (CoachConnect.API)\",\"RequestId\":\"0HN3126EF5P8Q:0000001D\",\"RequestPath\":\"/api/v1/games/team/ee57d1c3-b41b-4be8-b45e-14f2a25b1001\",\"ConnectionId\":\"0HN3126EF5P8Q\"}','2024-04-20 08:13:25'),(28,'2024-04-20 10:13:24.693+02:00','Information','HTTP {RequestMethod} {RequestPath} responded {StatusCode} in {Elapsed:0.0000} ms','HTTP \"GET\" \"/api/v1/games/team/ee57d1c3-b41b-4be8-b45e-14f2a25b1001\" responded 200 in 2863.8671 ms',NULL,'{\"RequestMethod\":\"GET\",\"RequestPath\":\"/api/v1/games/team/ee57d1c3-b41b-4be8-b45e-14f2a25b1001\",\"StatusCode\":200,\"Elapsed\":2863.8671,\"SourceContext\":\"Serilog.AspNetCore.RequestLoggingMiddleware\",\"RequestId\":\"0HN3126EF5P8Q:0000001D\",\"ConnectionId\":\"0HN3126EF5P8Q\"}','2024-04-20 08:13:34'),(29,'2024-04-20 10:14:24.675+02:00','Debug','Getting Games','Getting Games',NULL,'{\"SourceContext\":\"CoachConnect.API.Controllers.GamesController\",\"ActionId\":\"d961bc4c-51ce-45d2-815f-8effa5ed5079\",\"ActionName\":\"CoachConnect.API.Controllers.GamesController.GetAllGames (CoachConnect.API)\",\"RequestId\":\"0HN3126EF5P8Q:0000001F\",\"RequestPath\":\"/api/v1/games\",\"ConnectionId\":\"0HN3126EF5P8Q\"}','2024-04-20 08:14:24'),(30,'2024-04-20 10:14:24.678+02:00','Debug','Getting all games','Getting all games',NULL,'{\"SourceContext\":\"CoachConnect.BusinessLayer.Services.GameService\",\"ActionId\":\"d961bc4c-51ce-45d2-815f-8effa5ed5079\",\"ActionName\":\"CoachConnect.API.Controllers.GamesController.GetAllGames (CoachConnect.API)\",\"RequestId\":\"0HN3126EF5P8Q:0000001F\",\"RequestPath\":\"/api/v1/games\",\"ConnectionId\":\"0HN3126EF5P8Q\"}','2024-04-20 08:14:24'),(31,'2024-04-20 10:14:24.684+02:00','Debug','Getting Games from db','Getting Games from db',NULL,'{\"SourceContext\":\"CoachConnect.DataAccess.Repositories.GameRepository\",\"ActionId\":\"d961bc4c-51ce-45d2-815f-8effa5ed5079\",\"ActionName\":\"CoachConnect.API.Controllers.GamesController.GetAllGames (CoachConnect.API)\",\"RequestId\":\"0HN3126EF5P8Q:0000001F\",\"RequestPath\":\"/api/v1/games\",\"ConnectionId\":\"0HN3126EF5P8Q\"}','2024-04-20 08:14:24'),(32,'2024-04-20 10:14:25.019+02:00','Error','Something went wrong - test exception {@Machine} {@TraceId}','Something went wrong - test exception \"KS\" \"00-33df135cb0e7f621eed68a1703ac2bb3-b4417dcfe2afcc06-00\"','System.InvalidOperationException: The LINQ expression \'DbSet<Game>()\r\n    .Where(g => g.HomeTeam.teamId == __teamId_0 || g.AwayTeam.teamId == __teamId_0)\' could not be translated. Either rewrite the query in a form that can be translated, or switch to client evaluation explicitly by inserting a call to \'AsEnumerable\', \'AsAsyncEnumerable\', \'ToList\', or \'ToListAsync\'. See https://go.microsoft.com/fwlink/?linkid=2101038 for more information.\r\n   at Microsoft.EntityFrameworkCore.Query.QueryableMethodTranslatingExpressionVisitor.Translate(Expression expression)\r\n   at Microsoft.EntityFrameworkCore.Query.RelationalQueryableMethodTranslatingExpressionVisitor.Translate(Expression expression)\r\n   at Microsoft.EntityFrameworkCore.Query.QueryCompilationContext.CreateQueryExecutor[TResult](Expression query)\r\n   at Microsoft.EntityFrameworkCore.Storage.Database.CompileQuery[TResult](Expression query, Boolean async)\r\n   at Microsoft.EntityFrameworkCore.Query.Internal.QueryCompiler.CompileQueryCore[TResult](IDatabase database, Expression query, IModel model, Boolean async)\r\n   at Microsoft.EntityFrameworkCore.Query.Internal.QueryCompiler.<>c__DisplayClass12_0`1.<ExecuteAsync>b__0()\r\n   at Microsoft.EntityFrameworkCore.Query.Internal.CompiledQueryCache.GetOrAddQuery[TResult](Object cacheKey, Func`1 compiler)\r\n   at Microsoft.EntityFrameworkCore.Query.Internal.QueryCompiler.ExecuteAsync[TResult](Expression query, CancellationToken cancellationToken)\r\n   at Microsoft.EntityFrameworkCore.Query.Internal.EntityQueryProvider.ExecuteAsync[TResult](Expression expression, CancellationToken cancellationToken)\r\n   at Microsoft.EntityFrameworkCore.Query.Internal.EntityQueryable`1.GetAsyncEnumerator(CancellationToken cancellationToken)\r\n   at System.Runtime.CompilerServices.ConfiguredCancelableAsyncEnumerable`1.GetAsyncEnumerator()\r\n   at Microsoft.EntityFrameworkCore.EntityFrameworkQueryableExtensions.ToListAsync[TSource](IQueryable`1 source, CancellationToken cancellationToken)\r\n   at CoachConnect.DataAccess.Repositories.GameRepository.GetAllAsync(GameQuery gameQuery) in C:\\ga\\4. semester\\Prosjektoppgave\\CoachConnect\\src\\CoachConnect.DataAccess\\Repositories\\GameRepository.cs:line 83\r\n   at CoachConnect.BusinessLayer.Services.GameService.GetAllAsync(GameQuery gameQuery) in C:\\ga\\4. semester\\Prosjektoppgave\\CoachConnect\\src\\CoachConnect.BusinessLayer\\Services\\GameService.cs:line 77\r\n   at CoachConnect.API.Controllers.GamesController.GetAllGames(GameQuery gameQuery) in C:\\ga\\4. semester\\Prosjektoppgave\\CoachConnect\\src\\CoachConnect.API\\Controllers\\GamesController.cs:line 29\r\n   at lambda_method101(Closure, Object)\r\n   at Microsoft.AspNetCore.Mvc.Infrastructure.ActionMethodExecutor.AwaitableObjectResultExecutor.Execute(ActionContext actionContext, IActionResultTypeMapper mapper, ObjectMethodExecutor executor, Object controller, Object[] arguments)\r\n   at Microsoft.AspNetCore.Mvc.Infrastructure.ControllerActionInvoker.<InvokeActionMethodAsync>g__Awaited|12_0(ControllerActionInvoker invoker, ValueTask`1 actionResultValueTask)\r\n   at Microsoft.AspNetCore.Mvc.Infrastructure.ControllerActionInvoker.<InvokeNextActionFilterAsync>g__Awaited|10_0(ControllerActionInvoker invoker, Task lastTask, State next, Scope scope, Object state, Boolean isCompleted)\r\n   at Microsoft.AspNetCore.Mvc.Infrastructure.ControllerActionInvoker.Rethrow(ActionExecutedContextSealed context)\r\n   at Microsoft.AspNetCore.Mvc.Infrastructure.ControllerActionInvoker.Next(State& next, Scope& scope, Object& state, Boolean& isCompleted)\r\n   at Microsoft.AspNetCore.Mvc.Infrastructure.ControllerActionInvoker.InvokeInnerFilterAsync()\r\n--- End of stack trace from previous location ---\r\n   at Microsoft.AspNetCore.Mvc.Infrastructure.ResourceInvoker.<InvokeNextResourceFilter>g__Awaited|25_0(ResourceInvoker invoker, Task lastTask, State next, Scope scope, Object state, Boolean isCompleted)\r\n   at Microsoft.AspNetCore.Mvc.Infrastructure.ResourceInvoker.Rethrow(ResourceExecutedContextSealed context)\r\n   at Microsoft.AspNetCore.Mvc.Infrastructure.ResourceInvoker.Next(State& next, Scope& scope, Object& state, Boolean& isCompleted)\r\n   at Microsoft.AspNetCore.Mvc.Infrastructure.ResourceInvoker.InvokeFilterPipelineAsync()\r\n--- End of stack trace from previous location ---\r\n   at Microsoft.AspNetCore.Mvc.Infrastructure.ResourceInvoker.<InvokeAsync>g__Awaited|17_0(ResourceInvoker invoker, Task task, IDisposable scope)\r\n   at Microsoft.AspNetCore.Mvc.Infrastructure.ResourceInvoker.<InvokeAsync>g__Awaited|17_0(ResourceInvoker invoker, Task task, IDisposable scope)\r\n   at CoachConnect.API.Middleware.GlobalExceptionMiddleware.InvokeAsync(HttpContext context, RequestDelegate next) in C:\\ga\\4. semester\\Prosjektoppgave\\CoachConnect\\src\\CoachConnect.API\\Middleware\\GlobalExceptionMiddleware.cs:line 16','{\"Machine\":\"KS\",\"TraceId\":\"00-33df135cb0e7f621eed68a1703ac2bb3-b4417dcfe2afcc06-00\",\"SourceContext\":\"CoachConnect.API.Middleware.GlobalExceptionMiddleware\",\"ActionId\":\"d961bc4c-51ce-45d2-815f-8effa5ed5079\",\"ActionName\":\"CoachConnect.API.Controllers.GamesController.GetAllGames (CoachConnect.API)\",\"RequestId\":\"0HN3126EF5P8Q:0000001F\",\"RequestPath\":\"/api/v1/games\",\"ConnectionId\":\"0HN3126EF5P8Q\"}','2024-04-20 08:14:34'),(33,'2024-04-20 10:14:25.177+02:00','Error','HTTP {RequestMethod} {RequestPath} responded {StatusCode} in {Elapsed:0.0000} ms','HTTP \"GET\" \"/api/v1/games\" responded 500 in 542.9779 ms',NULL,'{\"RequestMethod\":\"GET\",\"RequestPath\":\"/api/v1/games\",\"StatusCode\":500,\"Elapsed\":542.9779,\"SourceContext\":\"Serilog.AspNetCore.RequestLoggingMiddleware\",\"RequestId\":\"0HN3126EF5P8Q:0000001F\",\"ConnectionId\":\"0HN3126EF5P8Q\"}','2024-04-20 08:14:34'),(34,'2024-04-20 10:20:25.766+02:00','Debug','Getting game by ID: {id}','Getting game by ID: ee57d1c3-b41b-4be8-b45e-14f2a25b1001',NULL,'{\"id\":\"ee57d1c3-b41b-4be8-b45e-14f2a25b1001\",\"SourceContext\":\"CoachConnect.API.Controllers.GamesController\",\"ActionId\":\"4db9aca9-ee83-4dae-ae4b-3c29738c739b\",\"ActionName\":\"CoachConnect.API.Controllers.GamesController.GetGameById (CoachConnect.API)\",\"RequestId\":\"0HN312AKSCC1S:0000001B\",\"RequestPath\":\"/api/v1/games/ee57d1c3-b41b-4be8-b45e-14f2a25b1001\",\"ConnectionId\":\"0HN312AKSCC1S\"}','2024-04-20 08:20:36'),(35,'2024-04-20 10:20:25.856+02:00','Debug','Getting Game by id: {id}','Getting Game by id: ee57d1c3-b41b-4be8-b45e-14f2a25b1001',NULL,'{\"id\":\"ee57d1c3-b41b-4be8-b45e-14f2a25b1001\",\"SourceContext\":\"CoachConnect.BusinessLayer.Services.GameService\",\"ActionId\":\"4db9aca9-ee83-4dae-ae4b-3c29738c739b\",\"ActionName\":\"CoachConnect.API.Controllers.GamesController.GetGameById (CoachConnect.API)\",\"RequestId\":\"0HN312AKSCC1S:0000001B\",\"RequestPath\":\"/api/v1/games/ee57d1c3-b41b-4be8-b45e-14f2a25b1001\",\"ConnectionId\":\"0HN312AKSCC1S\"}','2024-04-20 08:20:36'),(36,'2024-04-20 10:20:25.864+02:00','Debug','Getting Game by id: {id} from db','Getting Game by id: \"GameId { gameId = ee57d1c3-b41b-4be8-b45e-14f2a25b1001 }\" from db',NULL,'{\"id\":\"GameId { gameId = ee57d1c3-b41b-4be8-b45e-14f2a25b1001 }\",\"SourceContext\":\"CoachConnect.DataAccess.Repositories.GameRepository\",\"ActionId\":\"4db9aca9-ee83-4dae-ae4b-3c29738c739b\",\"ActionName\":\"CoachConnect.API.Controllers.GamesController.GetGameById (CoachConnect.API)\",\"RequestId\":\"0HN312AKSCC1S:0000001B\",\"RequestPath\":\"/api/v1/games/ee57d1c3-b41b-4be8-b45e-14f2a25b1001\",\"ConnectionId\":\"0HN312AKSCC1S\"}','2024-04-20 08:20:36'),(37,'2024-04-20 10:20:27.908+02:00','Information','HTTP {RequestMethod} {RequestPath} responded {StatusCode} in {Elapsed:0.0000} ms','HTTP \"GET\" \"/api/v1/games/ee57d1c3-b41b-4be8-b45e-14f2a25b1001\" responded 404 in 2818.3625 ms',NULL,'{\"RequestMethod\":\"GET\",\"RequestPath\":\"/api/v1/games/ee57d1c3-b41b-4be8-b45e-14f2a25b1001\",\"StatusCode\":404,\"Elapsed\":2818.3625,\"SourceContext\":\"Serilog.AspNetCore.RequestLoggingMiddleware\",\"RequestId\":\"0HN312AKSCC1S:0000001B\",\"ConnectionId\":\"0HN312AKSCC1S\"}','2024-04-20 08:20:36'),(38,'2024-04-20 10:20:47.215+02:00','Debug','Getting Games','Getting Games',NULL,'{\"SourceContext\":\"CoachConnect.API.Controllers.GamesController\",\"ActionId\":\"bd1579d3-96e5-438e-bc5f-5e8877b050f2\",\"ActionName\":\"CoachConnect.API.Controllers.GamesController.GetAllGames (CoachConnect.API)\",\"RequestId\":\"0HN312AKSCC1S:0000001D\",\"RequestPath\":\"/api/v1/games\",\"ConnectionId\":\"0HN312AKSCC1S\"}','2024-04-20 08:20:55'),(39,'2024-04-20 10:20:47.219+02:00','Debug','Getting all games','Getting all games',NULL,'{\"SourceContext\":\"CoachConnect.BusinessLayer.Services.GameService\",\"ActionId\":\"bd1579d3-96e5-438e-bc5f-5e8877b050f2\",\"ActionName\":\"CoachConnect.API.Controllers.GamesController.GetAllGames (CoachConnect.API)\",\"RequestId\":\"0HN312AKSCC1S:0000001D\",\"RequestPath\":\"/api/v1/games\",\"ConnectionId\":\"0HN312AKSCC1S\"}','2024-04-20 08:20:55'),(40,'2024-04-20 10:20:47.229+02:00','Debug','Getting Games from db','Getting Games from db',NULL,'{\"SourceContext\":\"CoachConnect.DataAccess.Repositories.GameRepository\",\"ActionId\":\"bd1579d3-96e5-438e-bc5f-5e8877b050f2\",\"ActionName\":\"CoachConnect.API.Controllers.GamesController.GetAllGames (CoachConnect.API)\",\"RequestId\":\"0HN312AKSCC1S:0000001D\",\"RequestPath\":\"/api/v1/games\",\"ConnectionId\":\"0HN312AKSCC1S\"}','2024-04-20 08:20:55'),(41,'2024-04-20 10:20:47.558+02:00','Error','Something went wrong - test exception {@Machine} {@TraceId}','Something went wrong - test exception \"KS\" \"00-2304c42140740dcfd3a92d3f090bba81-a3f6968ffa0d308c-00\"','System.InvalidOperationException: The LINQ expression \'DbSet<Game>()\r\n    .Where(g => g.HomeTeam.teamId == __teamId_0)\' could not be translated. Either rewrite the query in a form that can be translated, or switch to client evaluation explicitly by inserting a call to \'AsEnumerable\', \'AsAsyncEnumerable\', \'ToList\', or \'ToListAsync\'. See https://go.microsoft.com/fwlink/?linkid=2101038 for more information.\r\n   at Microsoft.EntityFrameworkCore.Query.QueryableMethodTranslatingExpressionVisitor.Translate(Expression expression)\r\n   at Microsoft.EntityFrameworkCore.Query.RelationalQueryableMethodTranslatingExpressionVisitor.Translate(Expression expression)\r\n   at Microsoft.EntityFrameworkCore.Query.QueryCompilationContext.CreateQueryExecutor[TResult](Expression query)\r\n   at Microsoft.EntityFrameworkCore.Storage.Database.CompileQuery[TResult](Expression query, Boolean async)\r\n   at Microsoft.EntityFrameworkCore.Query.Internal.QueryCompiler.CompileQueryCore[TResult](IDatabase database, Expression query, IModel model, Boolean async)\r\n   at Microsoft.EntityFrameworkCore.Query.Internal.QueryCompiler.<>c__DisplayClass12_0`1.<ExecuteAsync>b__0()\r\n   at Microsoft.EntityFrameworkCore.Query.Internal.CompiledQueryCache.GetOrAddQuery[TResult](Object cacheKey, Func`1 compiler)\r\n   at Microsoft.EntityFrameworkCore.Query.Internal.QueryCompiler.ExecuteAsync[TResult](Expression query, CancellationToken cancellationToken)\r\n   at Microsoft.EntityFrameworkCore.Query.Internal.EntityQueryProvider.ExecuteAsync[TResult](Expression expression, CancellationToken cancellationToken)\r\n   at Microsoft.EntityFrameworkCore.Query.Internal.EntityQueryable`1.GetAsyncEnumerator(CancellationToken cancellationToken)\r\n   at System.Runtime.CompilerServices.ConfiguredCancelableAsyncEnumerable`1.GetAsyncEnumerator()\r\n   at Microsoft.EntityFrameworkCore.EntityFrameworkQueryableExtensions.ToListAsync[TSource](IQueryable`1 source, CancellationToken cancellationToken)\r\n   at CoachConnect.DataAccess.Repositories.GameRepository.GetAllAsync(GameQuery gameQuery) in C:\\ga\\4. semester\\Prosjektoppgave\\CoachConnect\\src\\CoachConnect.DataAccess\\Repositories\\GameRepository.cs:line 86\r\n   at CoachConnect.BusinessLayer.Services.GameService.GetAllAsync(GameQuery gameQuery) in C:\\ga\\4. semester\\Prosjektoppgave\\CoachConnect\\src\\CoachConnect.BusinessLayer\\Services\\GameService.cs:line 77\r\n   at CoachConnect.API.Controllers.GamesController.GetAllGames(GameQuery gameQuery) in C:\\ga\\4. semester\\Prosjektoppgave\\CoachConnect\\src\\CoachConnect.API\\Controllers\\GamesController.cs:line 29\r\n   at lambda_method46(Closure, Object)\r\n   at Microsoft.AspNetCore.Mvc.Infrastructure.ActionMethodExecutor.AwaitableObjectResultExecutor.Execute(ActionContext actionContext, IActionResultTypeMapper mapper, ObjectMethodExecutor executor, Object controller, Object[] arguments)\r\n   at Microsoft.AspNetCore.Mvc.Infrastructure.ControllerActionInvoker.<InvokeActionMethodAsync>g__Awaited|12_0(ControllerActionInvoker invoker, ValueTask`1 actionResultValueTask)\r\n   at Microsoft.AspNetCore.Mvc.Infrastructure.ControllerActionInvoker.<InvokeNextActionFilterAsync>g__Awaited|10_0(ControllerActionInvoker invoker, Task lastTask, State next, Scope scope, Object state, Boolean isCompleted)\r\n   at Microsoft.AspNetCore.Mvc.Infrastructure.ControllerActionInvoker.Rethrow(ActionExecutedContextSealed context)\r\n   at Microsoft.AspNetCore.Mvc.Infrastructure.ControllerActionInvoker.Next(State& next, Scope& scope, Object& state, Boolean& isCompleted)\r\n   at Microsoft.AspNetCore.Mvc.Infrastructure.ControllerActionInvoker.InvokeInnerFilterAsync()\r\n--- End of stack trace from previous location ---\r\n   at Microsoft.AspNetCore.Mvc.Infrastructure.ResourceInvoker.<InvokeNextResourceFilter>g__Awaited|25_0(ResourceInvoker invoker, Task lastTask, State next, Scope scope, Object state, Boolean isCompleted)\r\n   at Microsoft.AspNetCore.Mvc.Infrastructure.ResourceInvoker.Rethrow(ResourceExecutedContextSealed context)\r\n   at Microsoft.AspNetCore.Mvc.Infrastructure.ResourceInvoker.Next(State& next, Scope& scope, Object& state, Boolean& isCompleted)\r\n   at Microsoft.AspNetCore.Mvc.Infrastructure.ResourceInvoker.InvokeFilterPipelineAsync()\r\n--- End of stack trace from previous location ---\r\n   at Microsoft.AspNetCore.Mvc.Infrastructure.ResourceInvoker.<InvokeAsync>g__Awaited|17_0(ResourceInvoker invoker, Task task, IDisposable scope)\r\n   at Microsoft.AspNetCore.Mvc.Infrastructure.ResourceInvoker.<InvokeAsync>g__Awaited|17_0(ResourceInvoker invoker, Task task, IDisposable scope)\r\n   at CoachConnect.API.Middleware.GlobalExceptionMiddleware.InvokeAsync(HttpContext context, RequestDelegate next) in C:\\ga\\4. semester\\Prosjektoppgave\\CoachConnect\\src\\CoachConnect.API\\Middleware\\GlobalExceptionMiddleware.cs:line 16','{\"Machine\":\"KS\",\"TraceId\":\"00-2304c42140740dcfd3a92d3f090bba81-a3f6968ffa0d308c-00\",\"SourceContext\":\"CoachConnect.API.Middleware.GlobalExceptionMiddleware\",\"ActionId\":\"bd1579d3-96e5-438e-bc5f-5e8877b050f2\",\"ActionName\":\"CoachConnect.API.Controllers.GamesController.GetAllGames (CoachConnect.API)\",\"RequestId\":\"0HN312AKSCC1S:0000001D\",\"RequestPath\":\"/api/v1/games\",\"ConnectionId\":\"0HN312AKSCC1S\"}','2024-04-20 08:20:55'),(42,'2024-04-20 10:20:47.653+02:00','Error','HTTP {RequestMethod} {RequestPath} responded {StatusCode} in {Elapsed:0.0000} ms','HTTP \"GET\" \"/api/v1/games\" responded 500 in 484.8305 ms',NULL,'{\"RequestMethod\":\"GET\",\"RequestPath\":\"/api/v1/games\",\"StatusCode\":500,\"Elapsed\":484.8305,\"SourceContext\":\"Serilog.AspNetCore.RequestLoggingMiddleware\",\"RequestId\":\"0HN312AKSCC1S:0000001D\",\"ConnectionId\":\"0HN312AKSCC1S\"}','2024-04-20 08:20:55'),(43,'2024-04-20 10:21:10.164+02:00','Debug','Getting Games','Getting Games',NULL,'{\"SourceContext\":\"CoachConnect.API.Controllers.GamesController\",\"ActionId\":\"bd1579d3-96e5-438e-bc5f-5e8877b050f2\",\"ActionName\":\"CoachConnect.API.Controllers.GamesController.GetAllGames (CoachConnect.API)\",\"RequestId\":\"0HN312AKSCC1S:0000001F\",\"RequestPath\":\"/api/v1/games\",\"ConnectionId\":\"0HN312AKSCC1S\"}','2024-04-20 08:21:15'),(44,'2024-04-20 10:21:10.167+02:00','Debug','Getting all games','Getting all games',NULL,'{\"SourceContext\":\"CoachConnect.BusinessLayer.Services.GameService\",\"ActionId\":\"bd1579d3-96e5-438e-bc5f-5e8877b050f2\",\"ActionName\":\"CoachConnect.API.Controllers.GamesController.GetAllGames (CoachConnect.API)\",\"RequestId\":\"0HN312AKSCC1S:0000001F\",\"RequestPath\":\"/api/v1/games\",\"ConnectionId\":\"0HN312AKSCC1S\"}','2024-04-20 08:21:15'),(45,'2024-04-20 10:21:10.172+02:00','Debug','Getting Games from db','Getting Games from db',NULL,'{\"SourceContext\":\"CoachConnect.DataAccess.Repositories.GameRepository\",\"ActionId\":\"bd1579d3-96e5-438e-bc5f-5e8877b050f2\",\"ActionName\":\"CoachConnect.API.Controllers.GamesController.GetAllGames (CoachConnect.API)\",\"RequestId\":\"0HN312AKSCC1S:0000001F\",\"RequestPath\":\"/api/v1/games\",\"ConnectionId\":\"0HN312AKSCC1S\"}','2024-04-20 08:21:15'),(46,'2024-04-20 10:21:10.454+02:00','Error','Something went wrong - test exception {@Machine} {@TraceId}','Something went wrong - test exception \"KS\" \"00-938c671128376ac8ae2bdba2135e89ee-762beeebfaebecab-00\"','System.InvalidOperationException: The LINQ expression \'DbSet<Game>()\r\n    .Where(g => g.HomeTeam.teamId == __teamId_0)\' could not be translated. Either rewrite the query in a form that can be translated, or switch to client evaluation explicitly by inserting a call to \'AsEnumerable\', \'AsAsyncEnumerable\', \'ToList\', or \'ToListAsync\'. See https://go.microsoft.com/fwlink/?linkid=2101038 for more information.\r\n   at Microsoft.EntityFrameworkCore.Query.QueryableMethodTranslatingExpressionVisitor.Translate(Expression expression)\r\n   at Microsoft.EntityFrameworkCore.Query.RelationalQueryableMethodTranslatingExpressionVisitor.Translate(Expression expression)\r\n   at Microsoft.EntityFrameworkCore.Query.QueryCompilationContext.CreateQueryExecutor[TResult](Expression query)\r\n   at Microsoft.EntityFrameworkCore.Storage.Database.CompileQuery[TResult](Expression query, Boolean async)\r\n   at Microsoft.EntityFrameworkCore.Query.Internal.QueryCompiler.CompileQueryCore[TResult](IDatabase database, Expression query, IModel model, Boolean async)\r\n   at Microsoft.EntityFrameworkCore.Query.Internal.QueryCompiler.<>c__DisplayClass12_0`1.<ExecuteAsync>b__0()\r\n   at Microsoft.EntityFrameworkCore.Query.Internal.CompiledQueryCache.GetOrAddQuery[TResult](Object cacheKey, Func`1 compiler)\r\n   at Microsoft.EntityFrameworkCore.Query.Internal.QueryCompiler.ExecuteAsync[TResult](Expression query, CancellationToken cancellationToken)\r\n   at Microsoft.EntityFrameworkCore.Query.Internal.EntityQueryProvider.ExecuteAsync[TResult](Expression expression, CancellationToken cancellationToken)\r\n   at Microsoft.EntityFrameworkCore.Query.Internal.EntityQueryable`1.GetAsyncEnumerator(CancellationToken cancellationToken)\r\n   at System.Runtime.CompilerServices.ConfiguredCancelableAsyncEnumerable`1.GetAsyncEnumerator()\r\n   at Microsoft.EntityFrameworkCore.EntityFrameworkQueryableExtensions.ToListAsync[TSource](IQueryable`1 source, CancellationToken cancellationToken)\r\n   at CoachConnect.DataAccess.Repositories.GameRepository.GetAllAsync(GameQuery gameQuery) in C:\\ga\\4. semester\\Prosjektoppgave\\CoachConnect\\src\\CoachConnect.DataAccess\\Repositories\\GameRepository.cs:line 86\r\n   at CoachConnect.BusinessLayer.Services.GameService.GetAllAsync(GameQuery gameQuery) in C:\\ga\\4. semester\\Prosjektoppgave\\CoachConnect\\src\\CoachConnect.BusinessLayer\\Services\\GameService.cs:line 77\r\n   at CoachConnect.API.Controllers.GamesController.GetAllGames(GameQuery gameQuery) in C:\\ga\\4. semester\\Prosjektoppgave\\CoachConnect\\src\\CoachConnect.API\\Controllers\\GamesController.cs:line 29\r\n   at lambda_method46(Closure, Object)\r\n   at Microsoft.AspNetCore.Mvc.Infrastructure.ActionMethodExecutor.AwaitableObjectResultExecutor.Execute(ActionContext actionContext, IActionResultTypeMapper mapper, ObjectMethodExecutor executor, Object controller, Object[] arguments)\r\n   at Microsoft.AspNetCore.Mvc.Infrastructure.ControllerActionInvoker.<InvokeActionMethodAsync>g__Awaited|12_0(ControllerActionInvoker invoker, ValueTask`1 actionResultValueTask)\r\n   at Microsoft.AspNetCore.Mvc.Infrastructure.ControllerActionInvoker.<InvokeNextActionFilterAsync>g__Awaited|10_0(ControllerActionInvoker invoker, Task lastTask, State next, Scope scope, Object state, Boolean isCompleted)\r\n   at Microsoft.AspNetCore.Mvc.Infrastructure.ControllerActionInvoker.Rethrow(ActionExecutedContextSealed context)\r\n   at Microsoft.AspNetCore.Mvc.Infrastructure.ControllerActionInvoker.Next(State& next, Scope& scope, Object& state, Boolean& isCompleted)\r\n   at Microsoft.AspNetCore.Mvc.Infrastructure.ControllerActionInvoker.InvokeInnerFilterAsync()\r\n--- End of stack trace from previous location ---\r\n   at Microsoft.AspNetCore.Mvc.Infrastructure.ResourceInvoker.<InvokeNextResourceFilter>g__Awaited|25_0(ResourceInvoker invoker, Task lastTask, State next, Scope scope, Object state, Boolean isCompleted)\r\n   at Microsoft.AspNetCore.Mvc.Infrastructure.ResourceInvoker.Rethrow(ResourceExecutedContextSealed context)\r\n   at Microsoft.AspNetCore.Mvc.Infrastructure.ResourceInvoker.Next(State& next, Scope& scope, Object& state, Boolean& isCompleted)\r\n   at Microsoft.AspNetCore.Mvc.Infrastructure.ResourceInvoker.InvokeFilterPipelineAsync()\r\n--- End of stack trace from previous location ---\r\n   at Microsoft.AspNetCore.Mvc.Infrastructure.ResourceInvoker.<InvokeAsync>g__Awaited|17_0(ResourceInvoker invoker, Task task, IDisposable scope)\r\n   at Microsoft.AspNetCore.Mvc.Infrastructure.ResourceInvoker.<InvokeAsync>g__Awaited|17_0(ResourceInvoker invoker, Task task, IDisposable scope)\r\n   at CoachConnect.API.Middleware.GlobalExceptionMiddleware.InvokeAsync(HttpContext context, RequestDelegate next) in C:\\ga\\4. semester\\Prosjektoppgave\\CoachConnect\\src\\CoachConnect.API\\Middleware\\GlobalExceptionMiddleware.cs:line 16','{\"Machine\":\"KS\",\"TraceId\":\"00-938c671128376ac8ae2bdba2135e89ee-762beeebfaebecab-00\",\"SourceContext\":\"CoachConnect.API.Middleware.GlobalExceptionMiddleware\",\"ActionId\":\"bd1579d3-96e5-438e-bc5f-5e8877b050f2\",\"ActionName\":\"CoachConnect.API.Controllers.GamesController.GetAllGames (CoachConnect.API)\",\"RequestId\":\"0HN312AKSCC1S:0000001F\",\"RequestPath\":\"/api/v1/games\",\"ConnectionId\":\"0HN312AKSCC1S\"}','2024-04-20 08:21:15'),(47,'2024-04-20 10:21:10.481+02:00','Error','HTTP {RequestMethod} {RequestPath} responded {StatusCode} in {Elapsed:0.0000} ms','HTTP \"GET\" \"/api/v1/games\" responded 500 in 335.0964 ms',NULL,'{\"RequestMethod\":\"GET\",\"RequestPath\":\"/api/v1/games\",\"StatusCode\":500,\"Elapsed\":335.0964,\"SourceContext\":\"Serilog.AspNetCore.RequestLoggingMiddleware\",\"RequestId\":\"0HN312AKSCC1S:0000001F\",\"ConnectionId\":\"0HN312AKSCC1S\"}','2024-04-20 08:21:15'),(48,'2024-04-20 10:26:01.654+02:00','Debug','Getting game by TeamID: {id}','Getting game by TeamID: ee57d1c3-b41b-4be8-b45e-14f2a25b1001',NULL,'{\"id\":\"ee57d1c3-b41b-4be8-b45e-14f2a25b1001\",\"SourceContext\":\"CoachConnect.API.Controllers.GamesController\",\"ActionId\":\"f88da7c2-774e-4d62-8ef7-2e637e34a490\",\"ActionName\":\"CoachConnect.API.Controllers.GamesController.GetGameByTeamId (CoachConnect.API)\",\"RequestId\":\"0HN312DOHV1D3:0000001D\",\"RequestPath\":\"/api/v1/games/team/ee57d1c3-b41b-4be8-b45e-14f2a25b1001\",\"ConnectionId\":\"0HN312DOHV1D3\"}','2024-04-20 08:26:10'),(49,'2024-04-20 10:26:01.730+02:00','Debug','Getting Games by teamid: {id}','Getting Games by teamid: ee57d1c3-b41b-4be8-b45e-14f2a25b1001',NULL,'{\"id\":\"ee57d1c3-b41b-4be8-b45e-14f2a25b1001\",\"SourceContext\":\"CoachConnect.BusinessLayer.Services.GameService\",\"ActionId\":\"f88da7c2-774e-4d62-8ef7-2e637e34a490\",\"ActionName\":\"CoachConnect.API.Controllers.GamesController.GetGameByTeamId (CoachConnect.API)\",\"RequestId\":\"0HN312DOHV1D3:0000001D\",\"RequestPath\":\"/api/v1/games/team/ee57d1c3-b41b-4be8-b45e-14f2a25b1001\",\"ConnectionId\":\"0HN312DOHV1D3\"}','2024-04-20 08:26:10'),(50,'2024-04-20 10:26:01.755+02:00','Debug','Getting Games by teamid: {id} from db','Getting Games by teamid: \"TeamId { teamId = ee57d1c3-b41b-4be8-b45e-14f2a25b1001 }\" from db',NULL,'{\"id\":\"TeamId { teamId = ee57d1c3-b41b-4be8-b45e-14f2a25b1001 }\",\"SourceContext\":\"CoachConnect.DataAccess.Repositories.GameRepository\",\"ActionId\":\"f88da7c2-774e-4d62-8ef7-2e637e34a490\",\"ActionName\":\"CoachConnect.API.Controllers.GamesController.GetGameByTeamId (CoachConnect.API)\",\"RequestId\":\"0HN312DOHV1D3:0000001D\",\"RequestPath\":\"/api/v1/games/team/ee57d1c3-b41b-4be8-b45e-14f2a25b1001\",\"ConnectionId\":\"0HN312DOHV1D3\"}','2024-04-20 08:26:10'),(51,'2024-04-20 10:26:03.913+02:00','Information','HTTP {RequestMethod} {RequestPath} responded {StatusCode} in {Elapsed:0.0000} ms','HTTP \"GET\" \"/api/v1/games/team/ee57d1c3-b41b-4be8-b45e-14f2a25b1001\" responded 200 in 2947.8665 ms',NULL,'{\"RequestMethod\":\"GET\",\"RequestPath\":\"/api/v1/games/team/ee57d1c3-b41b-4be8-b45e-14f2a25b1001\",\"StatusCode\":200,\"Elapsed\":2947.8665,\"SourceContext\":\"Serilog.AspNetCore.RequestLoggingMiddleware\",\"RequestId\":\"0HN312DOHV1D3:0000001D\",\"ConnectionId\":\"0HN312DOHV1D3\"}','2024-04-20 08:26:10'),(52,'2024-04-20 10:26:19.266+02:00','Debug','Getting Games','Getting Games',NULL,'{\"SourceContext\":\"CoachConnect.API.Controllers.GamesController\",\"ActionId\":\"556ea0d5-0fcc-434f-a631-21b7129faf1c\",\"ActionName\":\"CoachConnect.API.Controllers.GamesController.GetAllGames (CoachConnect.API)\",\"RequestId\":\"0HN312DOHV1D3:0000001F\",\"RequestPath\":\"/api/v1/games\",\"ConnectionId\":\"0HN312DOHV1D3\"}','2024-04-20 08:26:20'),(53,'2024-04-20 10:26:19.272+02:00','Debug','Getting all games','Getting all games',NULL,'{\"SourceContext\":\"CoachConnect.BusinessLayer.Services.GameService\",\"ActionId\":\"556ea0d5-0fcc-434f-a631-21b7129faf1c\",\"ActionName\":\"CoachConnect.API.Controllers.GamesController.GetAllGames (CoachConnect.API)\",\"RequestId\":\"0HN312DOHV1D3:0000001F\",\"RequestPath\":\"/api/v1/games\",\"ConnectionId\":\"0HN312DOHV1D3\"}','2024-04-20 08:26:20'),(54,'2024-04-20 10:26:19.283+02:00','Debug','Getting Games from db','Getting Games from db',NULL,'{\"SourceContext\":\"CoachConnect.DataAccess.Repositories.GameRepository\",\"ActionId\":\"556ea0d5-0fcc-434f-a631-21b7129faf1c\",\"ActionName\":\"CoachConnect.API.Controllers.GamesController.GetAllGames (CoachConnect.API)\",\"RequestId\":\"0HN312DOHV1D3:0000001F\",\"RequestPath\":\"/api/v1/games\",\"ConnectionId\":\"0HN312DOHV1D3\"}','2024-04-20 08:26:20'),(55,'2024-04-20 10:26:19.621+02:00','Error','Something went wrong - test exception {@Machine} {@TraceId}','Something went wrong - test exception \"KS\" \"00-ecad1dd6962991f683ac42eabc922444-c04ff3fe2a38ace8-00\"','System.InvalidOperationException: The expression \'g.HomeTeam\' is invalid inside an \'Include\' operation, since it does not represent a property access: \'t => t.MyProperty\'. To target navigations declared on derived types, use casting (\'t => ((Derived)t).MyProperty\') or the \'as\' operator (\'t => (t as Derived).MyProperty\'). Collection navigation access can be filtered by composing Where, OrderBy(Descending), ThenBy(Descending), Skip or Take operations. For more information on including related data, see https://go.microsoft.com/fwlink/?LinkID=746393.\r\n   at Microsoft.EntityFrameworkCore.Query.Internal.NavigationExpandingExpressionVisitor.PopulateIncludeTree(IncludeTreeNode includeTreeNode, Expression expression, Boolean setLoaded)\r\n   at Microsoft.EntityFrameworkCore.Query.Internal.NavigationExpandingExpressionVisitor.ProcessInclude(NavigationExpansionExpression source, Expression expression, Boolean thenInclude, Boolean setLoaded)\r\n   at Microsoft.EntityFrameworkCore.Query.Internal.NavigationExpandingExpressionVisitor.VisitMethodCall(MethodCallExpression methodCallExpression)\r\n   at Microsoft.EntityFrameworkCore.Query.Internal.NavigationExpandingExpressionVisitor.VisitMethodCall(MethodCallExpression methodCallExpression)\r\n   at Microsoft.EntityFrameworkCore.Query.Internal.NavigationExpandingExpressionVisitor.VisitMethodCall(MethodCallExpression methodCallExpression)\r\n   at Microsoft.EntityFrameworkCore.Query.Internal.NavigationExpandingExpressionVisitor.VisitMethodCall(MethodCallExpression methodCallExpression)\r\n   at Microsoft.EntityFrameworkCore.Query.Internal.NavigationExpandingExpressionVisitor.VisitMethodCall(MethodCallExpression methodCallExpression)\r\n   at Microsoft.EntityFrameworkCore.Query.Internal.NavigationExpandingExpressionVisitor.Expand(Expression query)\r\n   at Microsoft.EntityFrameworkCore.Query.QueryTranslationPreprocessor.Process(Expression query)\r\n   at Microsoft.EntityFrameworkCore.Query.QueryCompilationContext.CreateQueryExecutor[TResult](Expression query)\r\n   at Microsoft.EntityFrameworkCore.Storage.Database.CompileQuery[TResult](Expression query, Boolean async)\r\n   at Microsoft.EntityFrameworkCore.Query.Internal.QueryCompiler.CompileQueryCore[TResult](IDatabase database, Expression query, IModel model, Boolean async)\r\n   at Microsoft.EntityFrameworkCore.Query.Internal.QueryCompiler.<>c__DisplayClass12_0`1.<ExecuteAsync>b__0()\r\n   at Microsoft.EntityFrameworkCore.Query.Internal.CompiledQueryCache.GetOrAddQuery[TResult](Object cacheKey, Func`1 compiler)\r\n   at Microsoft.EntityFrameworkCore.Query.Internal.QueryCompiler.ExecuteAsync[TResult](Expression query, CancellationToken cancellationToken)\r\n   at Microsoft.EntityFrameworkCore.Query.Internal.EntityQueryProvider.ExecuteAsync[TResult](Expression expression, CancellationToken cancellationToken)\r\n   at Microsoft.EntityFrameworkCore.Query.Internal.EntityQueryable`1.GetAsyncEnumerator(CancellationToken cancellationToken)\r\n   at System.Runtime.CompilerServices.ConfiguredCancelableAsyncEnumerable`1.GetAsyncEnumerator()\r\n   at Microsoft.EntityFrameworkCore.EntityFrameworkQueryableExtensions.ToListAsync[TSource](IQueryable`1 source, CancellationToken cancellationToken)\r\n   at CoachConnect.DataAccess.Repositories.GameRepository.GetAllAsync(GameQuery gameQuery) in C:\\ga\\4. semester\\Prosjektoppgave\\CoachConnect\\src\\CoachConnect.DataAccess\\Repositories\\GameRepository.cs:line 84\r\n   at CoachConnect.BusinessLayer.Services.GameService.GetAllAsync(GameQuery gameQuery) in C:\\ga\\4. semester\\Prosjektoppgave\\CoachConnect\\src\\CoachConnect.BusinessLayer\\Services\\GameService.cs:line 77\r\n   at CoachConnect.API.Controllers.GamesController.GetAllGames(GameQuery gameQuery) in C:\\ga\\4. semester\\Prosjektoppgave\\CoachConnect\\src\\CoachConnect.API\\Controllers\\GamesController.cs:line 29\r\n   at lambda_method101(Closure, Object)\r\n   at Microsoft.AspNetCore.Mvc.Infrastructure.ActionMethodExecutor.AwaitableObjectResultExecutor.Execute(ActionContext actionContext, IActionResultTypeMapper mapper, ObjectMethodExecutor executor, Object controller, Object[] arguments)\r\n   at Microsoft.AspNetCore.Mvc.Infrastructure.ControllerActionInvoker.<InvokeActionMethodAsync>g__Awaited|12_0(ControllerActionInvoker invoker, ValueTask`1 actionResultValueTask)\r\n   at Microsoft.AspNetCore.Mvc.Infrastructure.ControllerActionInvoker.<InvokeNextActionFilterAsync>g__Awaited|10_0(ControllerActionInvoker invoker, Task lastTask, State next, Scope scope, Object state, Boolean isCompleted)\r\n   at Microsoft.AspNetCore.Mvc.Infrastructure.ControllerActionInvoker.Rethrow(ActionExecutedContextSealed context)\r\n   at Microsoft.AspNetCore.Mvc.Infrastructure.ControllerActionInvoker.Next(State& next, Scope& scope, Object& state, Boolean& isCompleted)\r\n   at Microsoft.AspNetCore.Mvc.Infrastructure.ControllerActionInvoker.InvokeInnerFilterAsync()\r\n--- End of stack trace from previous location ---\r\n   at Microsoft.AspNetCore.Mvc.Infrastructure.ResourceInvoker.<InvokeNextResourceFilter>g__Awaited|25_0(ResourceInvoker invoker, Task lastTask, State next, Scope scope, Object state, Boolean isCompleted)\r\n   at Microsoft.AspNetCore.Mvc.Infrastructure.ResourceInvoker.Rethrow(ResourceExecutedContextSealed context)\r\n   at Microsoft.AspNetCore.Mvc.Infrastructure.ResourceInvoker.Next(State& next, Scope& scope, Object& state, Boolean& isCompleted)\r\n   at Microsoft.AspNetCore.Mvc.Infrastructure.ResourceInvoker.InvokeFilterPipelineAsync()\r\n--- End of stack trace from previous location ---\r\n   at Microsoft.AspNetCore.Mvc.Infrastructure.ResourceInvoker.<InvokeAsync>g__Awaited|17_0(ResourceInvoker invoker, Task task, IDisposable scope)\r\n   at Microsoft.AspNetCore.Mvc.Infrastructure.ResourceInvoker.<InvokeAsync>g__Awaited|17_0(ResourceInvoker invoker, Task task, IDisposable scope)\r\n   at CoachConnect.API.Middleware.GlobalExceptionMiddleware.InvokeAsync(HttpContext context, RequestDelegate next) in C:\\ga\\4. semester\\Prosjektoppgave\\CoachConnect\\src\\CoachConnect.API\\Middleware\\GlobalExceptionMiddleware.cs:line 16','{\"Machine\":\"KS\",\"TraceId\":\"00-ecad1dd6962991f683ac42eabc922444-c04ff3fe2a38ace8-00\",\"SourceContext\":\"CoachConnect.API.Middleware.GlobalExceptionMiddleware\",\"ActionId\":\"556ea0d5-0fcc-434f-a631-21b7129faf1c\",\"ActionName\":\"CoachConnect.API.Controllers.GamesController.GetAllGames (CoachConnect.API)\",\"RequestId\":\"0HN312DOHV1D3:0000001F\",\"RequestPath\":\"/api/v1/games\",\"ConnectionId\":\"0HN312DOHV1D3\"}','2024-04-20 08:26:20'),(56,'2024-04-20 10:26:19.729+02:00','Error','HTTP {RequestMethod} {RequestPath} responded {StatusCode} in {Elapsed:0.0000} ms','HTTP \"GET\" \"/api/v1/games\" responded 500 in 508.3400 ms',NULL,'{\"RequestMethod\":\"GET\",\"RequestPath\":\"/api/v1/games\",\"StatusCode\":500,\"Elapsed\":508.34,\"SourceContext\":\"Serilog.AspNetCore.RequestLoggingMiddleware\",\"RequestId\":\"0HN312DOHV1D3:0000001F\",\"ConnectionId\":\"0HN312DOHV1D3\"}','2024-04-20 08:26:20'),(57,'2024-04-20 10:27:28.289+02:00','Debug','Getting Games','Getting Games',NULL,'{\"SourceContext\":\"CoachConnect.API.Controllers.GamesController\",\"ActionId\":\"7477fd8d-3ece-445c-9970-dfcaa9a482f0\",\"ActionName\":\"CoachConnect.API.Controllers.GamesController.GetAllGames (CoachConnect.API)\",\"RequestId\":\"0HN312EM3I8JC:0000001D\",\"RequestPath\":\"/api/v1/games\",\"ConnectionId\":\"0HN312EM3I8JC\"}','2024-04-20 08:27:29'),(58,'2024-04-20 10:27:28.371+02:00','Debug','Getting all games','Getting all games',NULL,'{\"SourceContext\":\"CoachConnect.BusinessLayer.Services.GameService\",\"ActionId\":\"7477fd8d-3ece-445c-9970-dfcaa9a482f0\",\"ActionName\":\"CoachConnect.API.Controllers.GamesController.GetAllGames (CoachConnect.API)\",\"RequestId\":\"0HN312EM3I8JC:0000001D\",\"RequestPath\":\"/api/v1/games\",\"ConnectionId\":\"0HN312EM3I8JC\"}','2024-04-20 08:27:29'),(59,'2024-04-20 10:27:28.390+02:00','Debug','Getting Games from db','Getting Games from db',NULL,'{\"SourceContext\":\"CoachConnect.DataAccess.Repositories.GameRepository\",\"ActionId\":\"7477fd8d-3ece-445c-9970-dfcaa9a482f0\",\"ActionName\":\"CoachConnect.API.Controllers.GamesController.GetAllGames (CoachConnect.API)\",\"RequestId\":\"0HN312EM3I8JC:0000001D\",\"RequestPath\":\"/api/v1/games\",\"ConnectionId\":\"0HN312EM3I8JC\"}','2024-04-20 08:27:29'),(60,'2024-04-20 10:35:25.074+02:00','Debug','Getting Games','Getting Games',NULL,'{\"SourceContext\":\"CoachConnect.API.Controllers.GamesController\",\"ActionId\":\"1aba431b-a034-4a4b-b240-0b3da5a3f72c\",\"ActionName\":\"CoachConnect.API.Controllers.GamesController.GetAllGames (CoachConnect.API)\",\"RequestId\":\"0HN312J4P4MID:0000001B\",\"RequestPath\":\"/api/v1/games\",\"ConnectionId\":\"0HN312J4P4MID\"}','2024-04-20 08:35:28'),(61,'2024-04-20 10:35:25.117+02:00','Debug','Getting all games','Getting all games',NULL,'{\"SourceContext\":\"CoachConnect.BusinessLayer.Services.GameService\",\"ActionId\":\"1aba431b-a034-4a4b-b240-0b3da5a3f72c\",\"ActionName\":\"CoachConnect.API.Controllers.GamesController.GetAllGames (CoachConnect.API)\",\"RequestId\":\"0HN312J4P4MID:0000001B\",\"RequestPath\":\"/api/v1/games\",\"ConnectionId\":\"0HN312J4P4MID\"}','2024-04-20 08:35:28'),(62,'2024-04-20 10:35:25.133+02:00','Debug','Getting Games from db','Getting Games from db',NULL,'{\"SourceContext\":\"CoachConnect.DataAccess.Repositories.GameRepository\",\"ActionId\":\"1aba431b-a034-4a4b-b240-0b3da5a3f72c\",\"ActionName\":\"CoachConnect.API.Controllers.GamesController.GetAllGames (CoachConnect.API)\",\"RequestId\":\"0HN312J4P4MID:0000001B\",\"RequestPath\":\"/api/v1/games\",\"ConnectionId\":\"0HN312J4P4MID\"}','2024-04-20 08:35:28'),(63,'2024-04-20 10:35:25.977+02:00','Warning','The query uses a row limiting operator (\'Skip\'/\'Take\') without an \'OrderBy\' operator. This may lead to unpredictable results. If the \'Distinct\' operator is used after \'OrderBy\', then make sure to use the \'OrderBy\' operator after \'Distinct\' as the ordering would otherwise get erased.','The query uses a row limiting operator (\'Skip\'/\'Take\') without an \'OrderBy\' operator. This may lead to unpredictable results. If the \'Distinct\' operator is used after \'OrderBy\', then make sure to use the \'OrderBy\' operator after \'Distinct\' as the ordering would otherwise get erased.',NULL,'{\"EventId\":{\"Id\":10102,\"Name\":\"Microsoft.EntityFrameworkCore.Query.RowLimitingOperationWithoutOrderByWarning\"},\"SourceContext\":\"Microsoft.EntityFrameworkCore.Query\",\"ActionId\":\"1aba431b-a034-4a4b-b240-0b3da5a3f72c\",\"ActionName\":\"CoachConnect.API.Controllers.GamesController.GetAllGames (CoachConnect.API)\",\"RequestId\":\"0HN312J4P4MID:0000001B\",\"RequestPath\":\"/api/v1/games\",\"ConnectionId\":\"0HN312J4P4MID\"}','2024-04-20 08:35:28'),(64,'2024-04-20 10:35:25.981+02:00','Warning','The query uses a row limiting operator (\'Skip\'/\'Take\') without an \'OrderBy\' operator. This may lead to unpredictable results. If the \'Distinct\' operator is used after \'OrderBy\', then make sure to use the \'OrderBy\' operator after \'Distinct\' as the ordering would otherwise get erased.','The query uses a row limiting operator (\'Skip\'/\'Take\') without an \'OrderBy\' operator. This may lead to unpredictable results. If the \'Distinct\' operator is used after \'OrderBy\', then make sure to use the \'OrderBy\' operator after \'Distinct\' as the ordering would otherwise get erased.',NULL,'{\"EventId\":{\"Id\":10102,\"Name\":\"Microsoft.EntityFrameworkCore.Query.RowLimitingOperationWithoutOrderByWarning\"},\"SourceContext\":\"Microsoft.EntityFrameworkCore.Query\",\"ActionId\":\"1aba431b-a034-4a4b-b240-0b3da5a3f72c\",\"ActionName\":\"CoachConnect.API.Controllers.GamesController.GetAllGames (CoachConnect.API)\",\"RequestId\":\"0HN312J4P4MID:0000001B\",\"RequestPath\":\"/api/v1/games\",\"ConnectionId\":\"0HN312J4P4MID\"}','2024-04-20 08:35:28'),(65,'2024-04-20 10:35:26.286+02:00','Information','HTTP {RequestMethod} {RequestPath} responded {StatusCode} in {Elapsed:0.0000} ms','HTTP \"GET\" \"/api/v1/games\" responded 200 in 1570.2910 ms',NULL,'{\"RequestMethod\":\"GET\",\"RequestPath\":\"/api/v1/games\",\"StatusCode\":200,\"Elapsed\":1570.291,\"SourceContext\":\"Serilog.AspNetCore.RequestLoggingMiddleware\",\"RequestId\":\"0HN312J4P4MID:0000001B\",\"ConnectionId\":\"0HN312J4P4MID\"}','2024-04-20 08:35:28'),(66,'2024-04-20 10:42:38.650+02:00','Debug','Getting Games','Getting Games',NULL,'{\"SourceContext\":\"CoachConnect.API.Controllers.GamesController\",\"ActionId\":\"3093ae6c-2895-420d-9a00-2914fb9f3c53\",\"ActionName\":\"CoachConnect.API.Controllers.GamesController.GetAllGames (CoachConnect.API)\",\"RequestId\":\"0HN312MODRKIK:0000001B\",\"RequestPath\":\"/api/v1/games\",\"ConnectionId\":\"0HN312MODRKIK\"}','2024-04-20 08:42:46'),(67,'2024-04-20 10:42:38.690+02:00','Debug','Getting all games','Getting all games',NULL,'{\"SourceContext\":\"CoachConnect.BusinessLayer.Services.GameService\",\"ActionId\":\"3093ae6c-2895-420d-9a00-2914fb9f3c53\",\"ActionName\":\"CoachConnect.API.Controllers.GamesController.GetAllGames (CoachConnect.API)\",\"RequestId\":\"0HN312MODRKIK:0000001B\",\"RequestPath\":\"/api/v1/games\",\"ConnectionId\":\"0HN312MODRKIK\"}','2024-04-20 08:42:46'),(68,'2024-04-20 10:42:38.700+02:00','Debug','Getting Games from db','Getting Games from db',NULL,'{\"SourceContext\":\"CoachConnect.DataAccess.Repositories.GameRepository\",\"ActionId\":\"3093ae6c-2895-420d-9a00-2914fb9f3c53\",\"ActionName\":\"CoachConnect.API.Controllers.GamesController.GetAllGames (CoachConnect.API)\",\"RequestId\":\"0HN312MODRKIK:0000001B\",\"RequestPath\":\"/api/v1/games\",\"ConnectionId\":\"0HN312MODRKIK\"}','2024-04-20 08:42:46'),(69,'2024-04-20 10:42:39.497+02:00','Warning','The query uses a row limiting operator (\'Skip\'/\'Take\') without an \'OrderBy\' operator. This may lead to unpredictable results. If the \'Distinct\' operator is used after \'OrderBy\', then make sure to use the \'OrderBy\' operator after \'Distinct\' as the ordering would otherwise get erased.','The query uses a row limiting operator (\'Skip\'/\'Take\') without an \'OrderBy\' operator. This may lead to unpredictable results. If the \'Distinct\' operator is used after \'OrderBy\', then make sure to use the \'OrderBy\' operator after \'Distinct\' as the ordering would otherwise get erased.',NULL,'{\"EventId\":{\"Id\":10102,\"Name\":\"Microsoft.EntityFrameworkCore.Query.RowLimitingOperationWithoutOrderByWarning\"},\"SourceContext\":\"Microsoft.EntityFrameworkCore.Query\",\"ActionId\":\"3093ae6c-2895-420d-9a00-2914fb9f3c53\",\"ActionName\":\"CoachConnect.API.Controllers.GamesController.GetAllGames (CoachConnect.API)\",\"RequestId\":\"0HN312MODRKIK:0000001B\",\"RequestPath\":\"/api/v1/games\",\"ConnectionId\":\"0HN312MODRKIK\"}','2024-04-20 08:42:46'),(70,'2024-04-20 10:42:39.500+02:00','Warning','The query uses a row limiting operator (\'Skip\'/\'Take\') without an \'OrderBy\' operator. This may lead to unpredictable results. If the \'Distinct\' operator is used after \'OrderBy\', then make sure to use the \'OrderBy\' operator after \'Distinct\' as the ordering would otherwise get erased.','The query uses a row limiting operator (\'Skip\'/\'Take\') without an \'OrderBy\' operator. This may lead to unpredictable results. If the \'Distinct\' operator is used after \'OrderBy\', then make sure to use the \'OrderBy\' operator after \'Distinct\' as the ordering would otherwise get erased.',NULL,'{\"EventId\":{\"Id\":10102,\"Name\":\"Microsoft.EntityFrameworkCore.Query.RowLimitingOperationWithoutOrderByWarning\"},\"SourceContext\":\"Microsoft.EntityFrameworkCore.Query\",\"ActionId\":\"3093ae6c-2895-420d-9a00-2914fb9f3c53\",\"ActionName\":\"CoachConnect.API.Controllers.GamesController.GetAllGames (CoachConnect.API)\",\"RequestId\":\"0HN312MODRKIK:0000001B\",\"RequestPath\":\"/api/v1/games\",\"ConnectionId\":\"0HN312MODRKIK\"}','2024-04-20 08:42:46'),(71,'2024-04-20 10:42:39.829+02:00','Information','HTTP {RequestMethod} {RequestPath} responded {StatusCode} in {Elapsed:0.0000} ms','HTTP \"GET\" \"/api/v1/games\" responded 200 in 1514.8143 ms',NULL,'{\"RequestMethod\":\"GET\",\"RequestPath\":\"/api/v1/games\",\"StatusCode\":200,\"Elapsed\":1514.8143,\"SourceContext\":\"Serilog.AspNetCore.RequestLoggingMiddleware\",\"RequestId\":\"0HN312MODRKIK:0000001B\",\"ConnectionId\":\"0HN312MODRKIK\"}','2024-04-20 08:42:46'),(72,'2024-04-20 10:48:50.731+02:00','Debug','Getting GameAttendances','Getting GameAttendances',NULL,'{\"SourceContext\":\"CoachConnect.API.Controllers.GameAttendancesController\",\"ActionId\":\"b11a1de7-3d46-4af0-a46b-010b626d8c1e\",\"ActionName\":\"CoachConnect.API.Controllers.GameAttendancesController.GetAllGameAttendances (CoachConnect.API)\",\"RequestId\":\"0HN312QD5CHPA:0000001B\",\"RequestPath\":\"/api/v1/gameattendances\",\"ConnectionId\":\"0HN312QD5CHPA\"}','2024-04-20 08:48:58'),(73,'2024-04-20 10:48:50.769+02:00','Debug','Getting all games','Getting all games',NULL,'{\"SourceContext\":\"CoachConnect.BusinessLayer.Services.GameAttendanceService\",\"ActionId\":\"b11a1de7-3d46-4af0-a46b-010b626d8c1e\",\"ActionName\":\"CoachConnect.API.Controllers.GameAttendancesController.GetAllGameAttendances (CoachConnect.API)\",\"RequestId\":\"0HN312QD5CHPA:0000001B\",\"RequestPath\":\"/api/v1/gameattendances\",\"ConnectionId\":\"0HN312QD5CHPA\"}','2024-04-20 08:48:58'),(74,'2024-04-20 10:48:50.783+02:00','Debug','Getting GameAttendances from db','Getting GameAttendances from db',NULL,'{\"SourceContext\":\"CoachConnect.DataAccess.Repositories.GameAttendanceRepository\",\"ActionId\":\"b11a1de7-3d46-4af0-a46b-010b626d8c1e\",\"ActionName\":\"CoachConnect.API.Controllers.GameAttendancesController.GetAllGameAttendances (CoachConnect.API)\",\"RequestId\":\"0HN312QD5CHPA:0000001B\",\"RequestPath\":\"/api/v1/gameattendances\",\"ConnectionId\":\"0HN312QD5CHPA\"}','2024-04-20 08:48:58'),(75,'2024-04-20 10:48:51.580+02:00','Warning','The query uses a row limiting operator (\'Skip\'/\'Take\') without an \'OrderBy\' operator. This may lead to unpredictable results. If the \'Distinct\' operator is used after \'OrderBy\', then make sure to use the \'OrderBy\' operator after \'Distinct\' as the ordering would otherwise get erased.','The query uses a row limiting operator (\'Skip\'/\'Take\') without an \'OrderBy\' operator. This may lead to unpredictable results. If the \'Distinct\' operator is used after \'OrderBy\', then make sure to use the \'OrderBy\' operator after \'Distinct\' as the ordering would otherwise get erased.',NULL,'{\"EventId\":{\"Id\":10102,\"Name\":\"Microsoft.EntityFrameworkCore.Query.RowLimitingOperationWithoutOrderByWarning\"},\"SourceContext\":\"Microsoft.EntityFrameworkCore.Query\",\"ActionId\":\"b11a1de7-3d46-4af0-a46b-010b626d8c1e\",\"ActionName\":\"CoachConnect.API.Controllers.GameAttendancesController.GetAllGameAttendances (CoachConnect.API)\",\"RequestId\":\"0HN312QD5CHPA:0000001B\",\"RequestPath\":\"/api/v1/gameattendances\",\"ConnectionId\":\"0HN312QD5CHPA\"}','2024-04-20 08:48:58'),(76,'2024-04-20 10:48:51.583+02:00','Warning','The query uses a row limiting operator (\'Skip\'/\'Take\') without an \'OrderBy\' operator. This may lead to unpredictable results. If the \'Distinct\' operator is used after \'OrderBy\', then make sure to use the \'OrderBy\' operator after \'Distinct\' as the ordering would otherwise get erased.','The query uses a row limiting operator (\'Skip\'/\'Take\') without an \'OrderBy\' operator. This may lead to unpredictable results. If the \'Distinct\' operator is used after \'OrderBy\', then make sure to use the \'OrderBy\' operator after \'Distinct\' as the ordering would otherwise get erased.',NULL,'{\"EventId\":{\"Id\":10102,\"Name\":\"Microsoft.EntityFrameworkCore.Query.RowLimitingOperationWithoutOrderByWarning\"},\"SourceContext\":\"Microsoft.EntityFrameworkCore.Query\",\"ActionId\":\"b11a1de7-3d46-4af0-a46b-010b626d8c1e\",\"ActionName\":\"CoachConnect.API.Controllers.GameAttendancesController.GetAllGameAttendances (CoachConnect.API)\",\"RequestId\":\"0HN312QD5CHPA:0000001B\",\"RequestPath\":\"/api/v1/gameattendances\",\"ConnectionId\":\"0HN312QD5CHPA\"}','2024-04-20 08:48:58'),(77,'2024-04-20 10:48:51.884+02:00','Information','HTTP {RequestMethod} {RequestPath} responded {StatusCode} in {Elapsed:0.0000} ms','HTTP \"GET\" \"/api/v1/gameattendances\" responded 200 in 1502.2790 ms',NULL,'{\"RequestMethod\":\"GET\",\"RequestPath\":\"/api/v1/gameattendances\",\"StatusCode\":200,\"Elapsed\":1502.279,\"SourceContext\":\"Serilog.AspNetCore.RequestLoggingMiddleware\",\"RequestId\":\"0HN312QD5CHPA:0000001B\",\"ConnectionId\":\"0HN312QD5CHPA\"}','2024-04-20 08:48:58'),(78,'2024-04-20 10:50:27.971+02:00','Debug','Getting GameAttendances','Getting GameAttendances',NULL,'{\"SourceContext\":\"CoachConnect.API.Controllers.GameAttendancesController\",\"ActionId\":\"b11a1de7-3d46-4af0-a46b-010b626d8c1e\",\"ActionName\":\"CoachConnect.API.Controllers.GameAttendancesController.GetAllGameAttendances (CoachConnect.API)\",\"RequestId\":\"0HN312QD5CHPA:0000001D\",\"RequestPath\":\"/api/v1/gameattendances\",\"ConnectionId\":\"0HN312QD5CHPA\"}','2024-04-20 08:50:28'),(79,'2024-04-20 10:50:27.972+02:00','Debug','Getting all games','Getting all games',NULL,'{\"SourceContext\":\"CoachConnect.BusinessLayer.Services.GameAttendanceService\",\"ActionId\":\"b11a1de7-3d46-4af0-a46b-010b626d8c1e\",\"ActionName\":\"CoachConnect.API.Controllers.GameAttendancesController.GetAllGameAttendances (CoachConnect.API)\",\"RequestId\":\"0HN312QD5CHPA:0000001D\",\"RequestPath\":\"/api/v1/gameattendances\",\"ConnectionId\":\"0HN312QD5CHPA\"}','2024-04-20 08:50:28'),(80,'2024-04-20 10:50:27.976+02:00','Debug','Getting GameAttendances from db','Getting GameAttendances from db',NULL,'{\"SourceContext\":\"CoachConnect.DataAccess.Repositories.GameAttendanceRepository\",\"ActionId\":\"b11a1de7-3d46-4af0-a46b-010b626d8c1e\",\"ActionName\":\"CoachConnect.API.Controllers.GameAttendancesController.GetAllGameAttendances (CoachConnect.API)\",\"RequestId\":\"0HN312QD5CHPA:0000001D\",\"RequestPath\":\"/api/v1/gameattendances\",\"ConnectionId\":\"0HN312QD5CHPA\"}','2024-04-20 08:50:28'),(81,'2024-04-20 10:50:28.012+02:00','Information','HTTP {RequestMethod} {RequestPath} responded {StatusCode} in {Elapsed:0.0000} ms','HTTP \"GET\" \"/api/v1/gameattendances\" responded 200 in 48.7491 ms',NULL,'{\"RequestMethod\":\"GET\",\"RequestPath\":\"/api/v1/gameattendances\",\"StatusCode\":200,\"Elapsed\":48.7491,\"SourceContext\":\"Serilog.AspNetCore.RequestLoggingMiddleware\",\"RequestId\":\"0HN312QD5CHPA:0000001D\",\"ConnectionId\":\"0HN312QD5CHPA\"}','2024-04-20 08:50:28'),(82,'2024-04-20 10:50:51.851+02:00','Debug','Getting GameAttendances','Getting GameAttendances',NULL,'{\"SourceContext\":\"CoachConnect.API.Controllers.GameAttendancesController\",\"ActionId\":\"b11a1de7-3d46-4af0-a46b-010b626d8c1e\",\"ActionName\":\"CoachConnect.API.Controllers.GameAttendancesController.GetAllGameAttendances (CoachConnect.API)\",\"RequestId\":\"0HN312QD5CHPA:0000001F\",\"RequestPath\":\"/api/v1/gameattendances\",\"ConnectionId\":\"0HN312QD5CHPA\"}','2024-04-20 08:50:58'),(83,'2024-04-20 10:50:51.852+02:00','Debug','Getting all games','Getting all games',NULL,'{\"SourceContext\":\"CoachConnect.BusinessLayer.Services.GameAttendanceService\",\"ActionId\":\"b11a1de7-3d46-4af0-a46b-010b626d8c1e\",\"ActionName\":\"CoachConnect.API.Controllers.GameAttendancesController.GetAllGameAttendances (CoachConnect.API)\",\"RequestId\":\"0HN312QD5CHPA:0000001F\",\"RequestPath\":\"/api/v1/gameattendances\",\"ConnectionId\":\"0HN312QD5CHPA\"}','2024-04-20 08:50:58'),(84,'2024-04-20 10:50:51.854+02:00','Debug','Getting GameAttendances from db','Getting GameAttendances from db',NULL,'{\"SourceContext\":\"CoachConnect.DataAccess.Repositories.GameAttendanceRepository\",\"ActionId\":\"b11a1de7-3d46-4af0-a46b-010b626d8c1e\",\"ActionName\":\"CoachConnect.API.Controllers.GameAttendancesController.GetAllGameAttendances (CoachConnect.API)\",\"RequestId\":\"0HN312QD5CHPA:0000001F\",\"RequestPath\":\"/api/v1/gameattendances\",\"ConnectionId\":\"0HN312QD5CHPA\"}','2024-04-20 08:50:58'),(85,'2024-04-20 10:50:52.066+02:00','Information','HTTP {RequestMethod} {RequestPath} responded {StatusCode} in {Elapsed:0.0000} ms','HTTP \"GET\" \"/api/v1/gameattendances\" responded 200 in 225.6752 ms',NULL,'{\"RequestMethod\":\"GET\",\"RequestPath\":\"/api/v1/gameattendances\",\"StatusCode\":200,\"Elapsed\":225.6752,\"SourceContext\":\"Serilog.AspNetCore.RequestLoggingMiddleware\",\"RequestId\":\"0HN312QD5CHPA:0000001F\",\"ConnectionId\":\"0HN312QD5CHPA\"}','2024-04-20 08:50:58'),(86,'2024-04-20 10:52:04.092+02:00','Debug','Getting Games','Getting Games',NULL,'{\"SourceContext\":\"CoachConnect.API.Controllers.GamesController\",\"ActionId\":\"64c4dba4-daae-4ba6-9714-0a1206c9d4f2\",\"ActionName\":\"CoachConnect.API.Controllers.GamesController.GetAllGames (CoachConnect.API)\",\"RequestId\":\"0HN312QD5CHPA:00000021\",\"RequestPath\":\"/api/v1/games\",\"ConnectionId\":\"0HN312QD5CHPA\"}','2024-04-20 08:52:08'),(87,'2024-04-20 10:52:04.096+02:00','Debug','Getting all games','Getting all games',NULL,'{\"SourceContext\":\"CoachConnect.BusinessLayer.Services.GameService\",\"ActionId\":\"64c4dba4-daae-4ba6-9714-0a1206c9d4f2\",\"ActionName\":\"CoachConnect.API.Controllers.GamesController.GetAllGames (CoachConnect.API)\",\"RequestId\":\"0HN312QD5CHPA:00000021\",\"RequestPath\":\"/api/v1/games\",\"ConnectionId\":\"0HN312QD5CHPA\"}','2024-04-20 08:52:08'),(88,'2024-04-20 10:52:04.106+02:00','Debug','Getting Games from db','Getting Games from db',NULL,'{\"SourceContext\":\"CoachConnect.DataAccess.Repositories.GameRepository\",\"ActionId\":\"64c4dba4-daae-4ba6-9714-0a1206c9d4f2\",\"ActionName\":\"CoachConnect.API.Controllers.GamesController.GetAllGames (CoachConnect.API)\",\"RequestId\":\"0HN312QD5CHPA:00000021\",\"RequestPath\":\"/api/v1/games\",\"ConnectionId\":\"0HN312QD5CHPA\"}','2024-04-20 08:52:08'),(89,'2024-04-20 10:52:04.116+02:00','Warning','The query uses a row limiting operator (\'Skip\'/\'Take\') without an \'OrderBy\' operator. This may lead to unpredictable results. If the \'Distinct\' operator is used after \'OrderBy\', then make sure to use the \'OrderBy\' operator after \'Distinct\' as the ordering would otherwise get erased.','The query uses a row limiting operator (\'Skip\'/\'Take\') without an \'OrderBy\' operator. This may lead to unpredictable results. If the \'Distinct\' operator is used after \'OrderBy\', then make sure to use the \'OrderBy\' operator after \'Distinct\' as the ordering would otherwise get erased.',NULL,'{\"EventId\":{\"Id\":10102,\"Name\":\"Microsoft.EntityFrameworkCore.Query.RowLimitingOperationWithoutOrderByWarning\"},\"SourceContext\":\"Microsoft.EntityFrameworkCore.Query\",\"ActionId\":\"64c4dba4-daae-4ba6-9714-0a1206c9d4f2\",\"ActionName\":\"CoachConnect.API.Controllers.GamesController.GetAllGames (CoachConnect.API)\",\"RequestId\":\"0HN312QD5CHPA:00000021\",\"RequestPath\":\"/api/v1/games\",\"ConnectionId\":\"0HN312QD5CHPA\"}','2024-04-20 08:52:08'),(90,'2024-04-20 10:52:04.118+02:00','Warning','The query uses a row limiting operator (\'Skip\'/\'Take\') without an \'OrderBy\' operator. This may lead to unpredictable results. If the \'Distinct\' operator is used after \'OrderBy\', then make sure to use the \'OrderBy\' operator after \'Distinct\' as the ordering would otherwise get erased.','The query uses a row limiting operator (\'Skip\'/\'Take\') without an \'OrderBy\' operator. This may lead to unpredictable results. If the \'Distinct\' operator is used after \'OrderBy\', then make sure to use the \'OrderBy\' operator after \'Distinct\' as the ordering would otherwise get erased.',NULL,'{\"EventId\":{\"Id\":10102,\"Name\":\"Microsoft.EntityFrameworkCore.Query.RowLimitingOperationWithoutOrderByWarning\"},\"SourceContext\":\"Microsoft.EntityFrameworkCore.Query\",\"ActionId\":\"64c4dba4-daae-4ba6-9714-0a1206c9d4f2\",\"ActionName\":\"CoachConnect.API.Controllers.GamesController.GetAllGames (CoachConnect.API)\",\"RequestId\":\"0HN312QD5CHPA:00000021\",\"RequestPath\":\"/api/v1/games\",\"ConnectionId\":\"0HN312QD5CHPA\"}','2024-04-20 08:52:08'),(91,'2024-04-20 10:52:04.137+02:00','Information','HTTP {RequestMethod} {RequestPath} responded {StatusCode} in {Elapsed:0.0000} ms','HTTP \"GET\" \"/api/v1/games\" responded 200 in 54.9247 ms',NULL,'{\"RequestMethod\":\"GET\",\"RequestPath\":\"/api/v1/games\",\"StatusCode\":200,\"Elapsed\":54.9247,\"SourceContext\":\"Serilog.AspNetCore.RequestLoggingMiddleware\",\"RequestId\":\"0HN312QD5CHPA:00000021\",\"ConnectionId\":\"0HN312QD5CHPA\"}','2024-04-20 08:52:08'),(92,'2024-04-20 10:52:05.992+02:00','Debug','Getting Games','Getting Games',NULL,'{\"SourceContext\":\"CoachConnect.API.Controllers.GamesController\",\"ActionId\":\"64c4dba4-daae-4ba6-9714-0a1206c9d4f2\",\"ActionName\":\"CoachConnect.API.Controllers.GamesController.GetAllGames (CoachConnect.API)\",\"RequestId\":\"0HN312QD5CHPA:00000023\",\"RequestPath\":\"/api/v1/games\",\"ConnectionId\":\"0HN312QD5CHPA\"}','2024-04-20 08:52:08'),(93,'2024-04-20 10:52:05.993+02:00','Debug','Getting all games','Getting all games',NULL,'{\"SourceContext\":\"CoachConnect.BusinessLayer.Services.GameService\",\"ActionId\":\"64c4dba4-daae-4ba6-9714-0a1206c9d4f2\",\"ActionName\":\"CoachConnect.API.Controllers.GamesController.GetAllGames (CoachConnect.API)\",\"RequestId\":\"0HN312QD5CHPA:00000023\",\"RequestPath\":\"/api/v1/games\",\"ConnectionId\":\"0HN312QD5CHPA\"}','2024-04-20 08:52:08'),(94,'2024-04-20 10:52:05.994+02:00','Debug','Getting Games from db','Getting Games from db',NULL,'{\"SourceContext\":\"CoachConnect.DataAccess.Repositories.GameRepository\",\"ActionId\":\"64c4dba4-daae-4ba6-9714-0a1206c9d4f2\",\"ActionName\":\"CoachConnect.API.Controllers.GamesController.GetAllGames (CoachConnect.API)\",\"RequestId\":\"0HN312QD5CHPA:00000023\",\"RequestPath\":\"/api/v1/games\",\"ConnectionId\":\"0HN312QD5CHPA\"}','2024-04-20 08:52:08'),(95,'2024-04-20 10:52:06.002+02:00','Information','HTTP {RequestMethod} {RequestPath} responded {StatusCode} in {Elapsed:0.0000} ms','HTTP \"GET\" \"/api/v1/games\" responded 200 in 12.4229 ms',NULL,'{\"RequestMethod\":\"GET\",\"RequestPath\":\"/api/v1/games\",\"StatusCode\":200,\"Elapsed\":12.4229,\"SourceContext\":\"Serilog.AspNetCore.RequestLoggingMiddleware\",\"RequestId\":\"0HN312QD5CHPA:00000023\",\"ConnectionId\":\"0HN312QD5CHPA\"}','2024-04-20 08:52:08');
/*!40000 ALTER TABLE `logs` ENABLE KEYS */;
UNLOCK TABLES;

--
-- Table structure for table `players`
--

DROP TABLE IF EXISTS `players`;
/*!40101 SET @saved_cs_client     = @@character_set_client */;
/*!50503 SET character_set_client = utf8mb4 */;
CREATE TABLE `players` (
  `Id` char(36) CHARACTER SET ascii COLLATE ascii_general_ci NOT NULL,
  `FirstName` varchar(50) CHARACTER SET utf8mb4 COLLATE utf8mb4_0900_ai_ci NOT NULL,
  `LastName` varchar(50) CHARACTER SET utf8mb4 COLLATE utf8mb4_0900_ai_ci NOT NULL,
  `TotalGames` int NOT NULL,
  `TotalPractices` int NOT NULL,
  `UserId` char(36) CHARACTER SET ascii COLLATE ascii_general_ci NOT NULL,
  `TeamId` char(36) CHARACTER SET ascii COLLATE ascii_general_ci NOT NULL,
  `Created` datetime(6) NOT NULL,
  `Updated` datetime(6) NOT NULL,
  `GameId` char(36) CHARACTER SET ascii COLLATE ascii_general_ci DEFAULT NULL,
  PRIMARY KEY (`Id`),
  KEY `IX_Players_GameId` (`GameId`),
  KEY `IX_Players_TeamId` (`TeamId`),
  KEY `IX_Players_UserId` (`UserId`),
  CONSTRAINT `FK_Players_Games_GameId` FOREIGN KEY (`GameId`) REFERENCES `games` (`Id`),
  CONSTRAINT `FK_Players_Teams_TeamId` FOREIGN KEY (`TeamId`) REFERENCES `teams` (`Id`) ON DELETE CASCADE,
  CONSTRAINT `FK_Players_Users_UserId` FOREIGN KEY (`UserId`) REFERENCES `users` (`Id`) ON DELETE CASCADE
) ENGINE=InnoDB DEFAULT CHARSET=utf8mb4 COLLATE=utf8mb4_0900_ai_ci;
/*!40101 SET character_set_client = @saved_cs_client */;

--
-- Dumping data for table `players`
--

LOCK TABLES `players` WRITE;
/*!40000 ALTER TABLE `players` DISABLE KEYS */;
INSERT INTO `players` VALUES ('12345678-1234-1234-1234-123456789abc','John','Doe',1,18,'20065784-cdb9-465a-a439-6a627c448ca8','ee57d1c3-b41b-4be8-b45e-14f2a25b1001','2024-03-05 12:00:00.000000','2024-03-05 12:00:00.000000',NULL),('65445678-1234-1234-1234-1234567ccbba','Martin','Ødegård',3,13,'9ff9eab0-57ef-4530-ad29-1ebee9f682c3','d7e21b6a-c28c-47e8-8b0b-5a93ffbbf002','2024-03-05 12:00:00.000000','2024-03-05 12:00:00.000000',NULL),('87654321-0123-0123-0123-123456789122','Lars','Pedersen',10,2,'5c053d1b-6c70-4d3b-a030-35286a978b7a','e5d5e6a2-e5e4-4d79-a3c5-ccfd36f7c012','2024-03-06 14:52:00.000000','2024-03-06 14:52:00.000000',NULL),('87654321-1234-1234-1234-123456789111','Anders','Hansen',2,16,'f15a1513-eb40-4ca3-b8bb-c06959e1d6b5','a8f93c52-d1b0-4e46-a8f8-22ab9c50d003','2024-03-06 14:43:00.000000','2024-03-06 14:43:00.000000',NULL),('87654321-1234-1234-1234-123456789133','Hanna','Solberg',7,16,'2e88d66f-1d63-4bc2-90b5-0700458748ef','d3b5a3d1-e0f2-4bf6-a5c3-7e8d9f1a2013','2024-03-06 14:53:00.000000','2024-03-06 14:53:00.000000',NULL),('87654321-2345-2345-2345-123456789144','Max','Johansson',7,11,'820504a9-01cd-4812-b915-495e26fe0fa1','e1a2b3d4-f5b6-4f3d-a8e6-9b0c1d2e3014','2024-03-06 14:54:00.000000','2024-03-06 14:54:00.000000',NULL),('87654321-2345-2345-2345-123456789222','Lisa','Bakken',2,17,'fdaca55a-2ed0-4760-b1ea-ead99086d1d7','b2d84d4e-921c-4c17-af43-18d13b105004','2024-03-06 14:44:00.000000','2024-03-06 14:44:00.000000',NULL),('87654321-3456-3456-3456-123456789155','Emma','Haugen',3,11,'9d3de077-bb47-42ff-b695-170e6d08743a','f3c4e1a2-b3d5-46e8-b5c2-7f8d9e0a1015','2024-03-06 14:55:00.000000','2024-03-06 14:55:00.000000',NULL),('87654321-3456-3456-3456-123456789333','Mohammed','Ali',4,12,'20065784-cdb9-465a-a439-6a627c448787','da6d3453-70b9-487d-b31e-f0f3d75fe005','2024-03-06 14:45:00.000000','2024-03-06 14:45:00.000000',NULL),('87654321-4567-4567-4567-123456789166','Oliver','Sivertsen',7,10,'48a9d05a-8b21-46d8-8714-8aa73a46c4e5','d1b2c3a4-e5f6-4b2d-98a1-b3c4d5e6f016','2024-03-06 14:56:00.000000','2024-03-06 14:56:00.000000',NULL),('87654321-4567-4567-4567-123456789444','Anne','Johansen',7,16,'9ff9eab0-57ef-4530-ad29-1ebee9f686a6','b408f10b-cde8-4ecb-91c2-7a5669bb7006','2024-03-06 14:46:00.000000','2024-03-06 14:46:00.000000',NULL),('87654321-5678-5678-5678-123456789177','Ida','Gundersen',2,8,'36ab0d4f-d7e1-43a7-85cd-b487cf74f3b8','7d8e9f0a-1b2c-3d4e-5f6a-7b8c9d0e1017','2024-03-06 14:57:00.000000','2024-03-06 14:57:00.000000',NULL),('87654321-5678-5678-5678-123456789555','Sofie','Berg',5,16,'f15a1513-eb40-4ca3-b8bb-c06959e1d009','c04d382e-69e8-49ef-bc28-1f8d2ab2c007','2024-03-06 14:47:00.000000','2024-03-06 14:47:00.000000',NULL),('87654321-6789-6789-6789-123456789188','Mia','Lund',7,7,'2bf14738-6f12-4af0-8e1b-7d79789b993f','8e9f0a1b-2c3d-4e5f-6a7b-8c9d0e1f2018','2024-03-06 14:58:00.000000','2024-03-06 14:58:00.000000',NULL),('87654321-6789-6789-6789-123456789666','Fredrik','Pettersen',6,12,'fdaca55a-2ed0-4760-b1ea-ead99086dccc','dab3e709-5dfb-4d40-b5e7-3fe17ff2b008','2024-03-06 14:48:00.000000','2024-03-06 14:48:00.000000',NULL),('87654321-7890-7890-7890-123456789000','Alexander','Eide',7,4,'12345678-90ab-cdef-1234-567890abcdef','9f0a1b2c-3d4e-5f6a-7b8c-9d0e1f2a3019','2024-03-06 14:59:00.000000','2024-03-06 14:59:00.000000',NULL),('87654321-7890-7890-7890-123456789777','Nora','Andreassen',5,2,'27c2097f-2d6d-44b4-9ecf-1b96dab3ab3d','b01b6b08-2f43-4be5-b40b-7b9fd2d3d009','2024-03-06 14:49:00.000000','2024-03-06 14:49:00.000000',NULL),('87654321-8901-8901-8901-123456789888','Marius','Kristiansen',1,1,'d9e4e229-7738-4d26-822d-1b13fb1052c9','c9c7d687-946d-426f-9364-c6e1c3d2b010','2024-03-06 14:50:00.000000','2024-03-06 14:50:00.000000',NULL),('87654321-8901-8901-8901-123456789cb2','Sarah','Thomsen',7,9,'22222222-2222-2222-2222-222222222222','b408f10b-cde8-4ecb-91c2-7a5669bb7006','2024-03-06 15:00:00.000000','2024-03-06 15:00:00.000000',NULL),('87654321-9012-9012-9012-123456789999','Emilie','Larsen',0,1,'eb7f4ad3-132d-4345-b5f3-b41762fe61f9','a3b2a7e5-b0e2-40e2-a42d-69e10a22d011','2024-03-06 14:51:00.000000','2024-03-06 14:51:00.000000',NULL);
/*!40000 ALTER TABLE `players` ENABLE KEYS */;
UNLOCK TABLES;

--
-- Table structure for table `practice_attendences`
--

DROP TABLE IF EXISTS `practice_attendences`;
/*!40101 SET @saved_cs_client     = @@character_set_client */;
/*!50503 SET character_set_client = utf8mb4 */;
CREATE TABLE `practice_attendences` (
  `Id` char(36) CHARACTER SET ascii COLLATE ascii_general_ci NOT NULL,
  `PracticeId` char(36) CHARACTER SET ascii COLLATE ascii_general_ci NOT NULL,
  `PlayerId` char(36) CHARACTER SET ascii COLLATE ascii_general_ci NOT NULL,
  `Created` datetime(6) NOT NULL,
  `Updated` datetime(6) NOT NULL,
  PRIMARY KEY (`Id`),
  KEY `IX_Practice_attendences_PlayerId` (`PlayerId`),
  KEY `IX_Practice_attendences_PracticeId` (`PracticeId`),
  CONSTRAINT `FK_Practice_attendences_Players_PlayerId` FOREIGN KEY (`PlayerId`) REFERENCES `players` (`Id`) ON DELETE CASCADE,
  CONSTRAINT `FK_Practice_attendences_Practices_PracticeId` FOREIGN KEY (`PracticeId`) REFERENCES `practices` (`Id`) ON DELETE CASCADE
) ENGINE=InnoDB DEFAULT CHARSET=utf8mb4 COLLATE=utf8mb4_0900_ai_ci;
/*!40101 SET character_set_client = @saved_cs_client */;

--
-- Dumping data for table `practice_attendences`
--

LOCK TABLES `practice_attendences` WRITE;
/*!40000 ALTER TABLE `practice_attendences` DISABLE KEYS */;
INSERT INTO `practice_attendences` VALUES ('9115514a-c2f8-46fd-a547-ab5c1fc76063','2f042e86-d75e-4591-a810-aca808726501','87654321-3456-3456-3456-123456789333','2024-07-12 14:01:00.000000','2024-07-12 14:01:00.000000'),('9215514a-c2f8-46fd-a547-ab5c1fc76005','2f042e86-d75e-4591-a810-aca808726501','12345678-1234-1234-1234-123456789abc','2024-07-06 08:01:00.000000','2024-07-06 08:01:00.000000'),('9215514a-c2f8-46fd-a547-ab5c1fc76074','2f042e86-d75e-4591-a810-aca808726501','87654321-6789-6789-6789-123456789188','2024-07-13 15:01:00.000000','2024-07-13 15:01:00.000000'),('9315514a-c2f8-46fd-a547-ab5c1fc76081','2f042e86-d75e-4591-a810-aca808726501','87654321-8901-8901-8901-123456789cb2','2024-07-14 16:01:00.000000','2024-07-14 16:01:00.000000'),('9415514a-c2f8-46fd-a547-ab5c1fc76012','2f042e86-d75e-4591-a810-aca808726702','65445678-1234-1234-1234-1234567ccbba','2024-07-07 09:01:00.000000','2024-07-07 09:01:00.000000'),('9415514a-c2f8-46fd-a547-ab5c1fc76093','2f042e86-d75e-4591-a810-aca808726702','87654321-3456-3456-3456-123456789333','2024-07-15 17:01:00.000000','2024-07-15 17:01:00.000000'),('9515514a-c2f8-46fd-a547-ab5c1fc76098','2f042e86-d75e-4591-a810-aca808726702','87654321-5678-5678-5678-123456789555','2024-07-16 08:01:00.000000','2024-07-16 08:01:00.000000'),('9615514a-c2f8-46fd-a547-ab5c1fc76021','2f042e86-d75e-4591-a810-aca808726603','87654321-3456-3456-3456-123456789333','2024-07-08 10:01:00.000000','2024-07-08 10:01:00.000000'),('9615514a-c2f8-46fd-a547-ab5c1fc760a1','2f042e86-d75e-4591-a810-aca808726702','87654321-1234-1234-1234-123456789133','2024-07-17 09:01:00.000000','2024-07-17 09:01:00.000000'),('9715514a-c2f8-46fd-a547-ab5c1fc760b0','2f042e86-d75e-4591-a810-aca808726603','87654321-2345-2345-2345-123456789144','2024-07-18 10:01:00.000000','2024-07-18 10:01:00.000000'),('9815514a-c2f8-46fd-a547-ab5c1fc76035','2f042e86-d75e-4591-a810-aca808726604','87654321-5678-5678-5678-123456789555','2024-07-09 11:01:00.000000','2024-07-09 11:01:00.000000'),('9815514a-c2f8-46fd-a547-ab5c1fc760d4','2f042e86-d75e-4591-a810-aca808726604','87654321-6789-6789-6789-123456789188','2024-07-20 12:01:00.000000','2024-07-20 12:01:00.000000'),('9915514a-c2f8-46fd-a547-ab5c1fc760c3','2f042e86-d75e-4591-a810-aca808726603','87654321-7890-7890-7890-123456789000','2024-07-19 11:01:00.000000','2024-07-19 11:01:00.000000'),('9a15514a-c2f8-46fd-a547-ab5c1fc76044','2f042e86-d75e-4591-a810-aca808726405','87654321-9012-9012-9012-123456789999','2024-07-10 12:01:00.000000','2024-07-10 12:01:00.000000'),('9a15514a-c2f8-46fd-a547-ab5c1fc76055','2f042e86-d75e-4591-a810-aca808726405','87654321-5678-5678-5678-123456789555','2024-07-23 15:01:00.000000','2024-07-23 15:01:00.000000'),('9a15514a-c2f8-46fd-a547-ab5c1fc760e5','2f042e86-d75e-4591-a810-aca808726604','87654321-9012-9012-9012-123456789999','2024-07-21 13:01:00.000000','2024-07-21 13:01:00.000000'),('9b15514a-c2f8-46fd-a547-ab5c1fc76066','2f042e86-d75e-4591-a810-aca808726405','12345678-1234-1234-1234-123456789abc','2024-07-24 16:01:00.000000','2024-07-24 16:01:00.000000'),('9b15514a-c2f8-46fd-a547-ab5c1fc760f6','2f042e86-d75e-4591-a810-aca808726405','65445678-1234-1234-1234-1234567ccbba','2024-07-22 14:01:00.000000','2024-07-22 14:01:00.000000'),('9c15514a-c2f8-46fd-a547-ab5c1fc76052','2f042e86-d75e-4591-a810-aca808726501','87654321-2345-2345-2345-123456789144','2024-07-11 13:01:00.000000','2024-07-11 13:01:00.000000'),('9c15514a-c2f8-46fd-a547-ab5c1fc76078','2f042e86-d75e-4591-a810-aca808726405','87654321-3456-3456-3456-123456789333','2024-07-25 17:01:00.000000','2024-07-25 17:01:00.000000');
/*!40000 ALTER TABLE `practice_attendences` ENABLE KEYS */;
UNLOCK TABLES;

--
-- Table structure for table `practices`
--

DROP TABLE IF EXISTS `practices`;
/*!40101 SET @saved_cs_client     = @@character_set_client */;
/*!50503 SET character_set_client = utf8mb4 */;
CREATE TABLE `practices` (
  `Id` char(36) CHARACTER SET ascii COLLATE ascii_general_ci NOT NULL,
  `Location` longtext CHARACTER SET utf8mb4 COLLATE utf8mb4_0900_ai_ci NOT NULL,
  `PracticeDate` datetime(6) NOT NULL,
  `Created` datetime(6) NOT NULL,
  `Updated` datetime(6) NOT NULL,
  PRIMARY KEY (`Id`)
) ENGINE=InnoDB DEFAULT CHARSET=utf8mb4 COLLATE=utf8mb4_0900_ai_ci;
/*!40101 SET character_set_client = @saved_cs_client */;

--
-- Dumping data for table `practices`
--

LOCK TABLES `practices` WRITE;
/*!40000 ALTER TABLE `practices` DISABLE KEYS */;
INSERT INTO `practices` VALUES ('2f042e86-d75e-4591-a810-aca808726405','Tromsø','2024-07-10 12:00:00.000000','2024-07-10 12:00:00.000000','2024-07-10 12:00:00.000000'),('2f042e86-d75e-4591-a810-aca808726501','Oslo','2024-07-06 08:00:00.000000','2024-07-06 08:00:00.000000','2024-07-06 08:00:00.000000'),('2f042e86-d75e-4591-a810-aca808726603','Trondheim','2024-07-08 10:00:00.000000','2024-07-08 10:00:00.000000','2024-07-08 10:00:00.000000'),('2f042e86-d75e-4591-a810-aca808726604','Stavanger','2024-07-09 11:00:00.000000','2024-07-09 11:00:00.000000','2024-07-09 11:00:00.000000'),('2f042e86-d75e-4591-a810-aca808726702','Bergen','2024-07-07 09:00:00.000000','2024-07-07 09:00:00.000000','2024-07-07 09:00:00.000000'),('2f042e86-d75e-4591-a810-aca808726a06','Kristiansand','2024-07-11 13:00:00.000000','2024-07-11 13:00:00.000000','2024-07-11 13:00:00.000000'),('2f042e86-d75e-4591-a810-aca808726aa2','Lillehammer','2024-07-17 09:00:00.000000','2024-07-17 09:00:00.000000','2024-07-17 09:00:00.000000'),('2f042e86-d75e-4591-a810-aca808726ac8','Kristiansund','2024-07-23 15:00:00.000000','2024-07-23 15:00:00.000000','2024-07-23 15:00:00.000000'),('2f042e86-d75e-4591-a810-aca808726b07','Fredrikstad','2024-07-12 14:00:00.000000','2024-07-12 14:00:00.000000','2024-07-12 14:00:00.000000'),('2f042e86-d75e-4591-a810-aca808726bb3','Drammen','2024-07-18 10:00:00.000000','2024-07-18 10:00:00.000000','2024-07-18 10:00:00.000000'),('2f042e86-d75e-4591-a810-aca808726c08','Arendal','2024-07-13 15:00:00.000000','2024-07-13 15:00:00.000000','2024-07-13 15:00:00.000000'),('2f042e86-d75e-4591-a810-aca808726ca9','Moss','2024-07-24 16:00:00.000000','2024-07-24 16:00:00.000000','2024-07-24 16:00:00.000000'),('2f042e86-d75e-4591-a810-aca808726cc4','Skien','2024-07-19 11:00:00.000000','2024-07-19 11:00:00.000000','2024-07-19 11:00:00.000000'),('2f042e86-d75e-4591-a810-aca808726d09','Bodø','2024-07-14 16:00:00.000000','2024-07-14 16:00:00.000000','2024-07-14 16:00:00.000000'),('2f042e86-d75e-4591-a810-aca808726dd5','Ålesund','2024-07-20 12:00:00.000000','2024-07-20 12:00:00.000000','2024-07-20 12:00:00.000000'),('2f042e86-d75e-4591-a810-aca808726e10','Molde','2024-07-15 17:00:00.000000','2024-07-15 17:00:00.000000','2024-07-15 17:00:00.000000'),('2f042e86-d75e-4591-a810-aca808726ee6','Hamar','2024-07-21 13:00:00.000000','2024-07-21 13:00:00.000000','2024-07-21 13:00:00.000000'),('2f042e86-d75e-4591-a810-aca808726f11','Haugesund','2024-07-16 08:00:00.000000','2024-07-16 08:00:00.000000','2024-07-16 08:00:00.000000'),('2f042e86-d75e-4591-a810-aca808726ff7','Sarpsborg','2024-07-22 14:00:00.000000','2024-07-22 14:00:00.000000','2024-07-22 14:00:00.000000'),('2f042e86-d75e-4591-a810-aca80872af20','Sandefjord','2024-07-25 17:00:00.000000','2024-07-25 17:00:00.000000','2024-07-25 17:00:00.000000');
/*!40000 ALTER TABLE `practices` ENABLE KEYS */;
UNLOCK TABLES;

--
-- Table structure for table `teams`
--

DROP TABLE IF EXISTS `teams`;
/*!40101 SET @saved_cs_client     = @@character_set_client */;
/*!50503 SET character_set_client = utf8mb4 */;
CREATE TABLE `teams` (
  `Id` char(36) CHARACTER SET ascii COLLATE ascii_general_ci NOT NULL,
  `CoachId` char(36) CHARACTER SET ascii COLLATE ascii_general_ci NOT NULL,
  `TeamCity` longtext CHARACTER SET utf8mb4 COLLATE utf8mb4_0900_ai_ci NOT NULL,
  `TeamName` longtext CHARACTER SET utf8mb4 COLLATE utf8mb4_0900_ai_ci NOT NULL,
  `Created` datetime(6) NOT NULL,
  `Updated` datetime(6) NOT NULL,
  `GameId` char(36) CHARACTER SET ascii COLLATE ascii_general_ci DEFAULT NULL,
  PRIMARY KEY (`Id`),
  KEY `IX_Teams_CoachId` (`CoachId`),
  KEY `IX_Teams_GameId` (`GameId`),
  CONSTRAINT `FK_Teams_Coaches_CoachId` FOREIGN KEY (`CoachId`) REFERENCES `coaches` (`Id`) ON DELETE CASCADE,
  CONSTRAINT `FK_Teams_Games_GameId` FOREIGN KEY (`GameId`) REFERENCES `games` (`Id`)
) ENGINE=InnoDB DEFAULT CHARSET=utf8mb4 COLLATE=utf8mb4_0900_ai_ci;
/*!40101 SET character_set_client = @saved_cs_client */;

--
-- Dumping data for table `teams`
--

LOCK TABLES `teams` WRITE;
/*!40000 ALTER TABLE `teams` DISABLE KEYS */;
INSERT INTO `teams` VALUES ('0a1b2c3d-4e5f-6a7b-8c9d-0e1f2a3b4020','d3e4f5a6-b7c8-9d0e-1f2a-3b4c5d6e7f89','Boston','Warriors','2024-03-06 14:00:00.000000','2024-03-06 14:00:00.000000',NULL),('7d8e9f0a-1b2c-3d4e-5f6a-7b8c9d0e1017','f3e2d1c0-ba9c-4ff1-a3f5-b6de37b8c9c7','Seattle','Dragons','2024-03-06 14:00:00.000000','2024-03-06 14:00:00.000000',NULL),('8e9f0a1b-2c3d-4e5f-6a7b-8c9d0e1f2018','b6c7d8e9-1a2b-3c4d-5e6f-7a8b9c0d1e2f','Denver','Knights','2024-03-06 14:00:00.000000','2024-03-06 14:00:00.000000',NULL),('9f0a1b2c-3d4e-5f6a-7b8c-9d0e1f2a3019','c1d2e3f4-a5b6-7c8d-9e0f-1a2b3c4d5e6f','Washington','Titans','2024-03-06 14:00:00.000000','2024-03-06 14:00:00.000000',NULL),('a3b2a7e5-b0e2-40e2-a42d-69e10a22d011','5b60c5a7-590b-4c9d-95e3-4648eb83300d','Austin','Pumas','2024-03-06 14:00:00.000000','2024-03-06 14:00:00.000000',NULL),('a8f93c52-d1b0-4e46-a8f8-22ab9c50d003','9b5b194a-f273-4ab2-a87d-620b8898e473','Chicago','Panthers','2024-03-06 14:00:00.000000','2024-03-06 14:00:00.000000',NULL),('b01b6b08-2f43-4be5-b40b-7b9fd2d3d009','a5ffaa7c-3933-47c3-b2b4-6c7e242e2288','Dallas','Lakers','2024-03-06 14:00:00.000000','2024-03-06 14:00:00.000000',NULL),('b2d84d4e-921c-4c17-af43-18d13b105004','bb4ef059-9657-48f7-a13c-2bb29725de1b','Houston','Bears','2024-03-06 14:00:00.000000','2024-03-06 14:00:00.000000',NULL),('b408f10b-cde8-4ecb-91c2-7a5669bb7006','dabb4b1e-e928-4957-b381-1544e42b8f88','Philadelphia','Eagles','2024-03-06 14:00:00.000000','2024-03-06 14:00:00.000000',NULL),('c04d382e-69e8-49ef-bc28-1f8d2ab2c007','b1f5ef4e-c48c-4db3-a10b-07d65da0614b','San Antonio','Hawks','2024-03-06 14:00:00.000000','2024-03-06 14:00:00.000000',NULL),('c9c7d687-946d-426f-9364-c6e1c3d2b010','e2c3d4e7-bd4b-45ab-95d5-9fd6294f2237','San Jose','Cougars','2024-03-06 14:00:00.000000','2024-03-06 14:00:00.000000',NULL),('d1b2c3a4-e5f6-4b2d-98a1-b3c4d5e6f016','a6c5b4d3-2fcb-4e9a-a457-03e9af6d28e6','Charlotte','Sharks','2024-03-06 14:00:00.000000','2024-03-06 14:00:00.000000',NULL),('d3b5a3d1-e0f2-4bf6-a5c3-7e8d9f1a2013','b2b4c1b0-faf6-4949-9977-95d6a81f2ab8','Indianapolis','Cheetahs','2024-03-06 14:00:00.000000','2024-03-06 14:00:00.000000',NULL),('d7e21b6a-c28c-47e8-8b0b-5a93ffbbf002','92a93093-c123-4748-a8d9-558d61690d76','Los Angeles','Tigers','2024-03-06 14:00:00.000000','2024-03-06 14:00:00.000000',NULL),('da6d3453-70b9-487d-b31e-f0f3d75fe005','e00927cb-a616-43d3-a82e-21439469ef13','Phoenix','Wolves','2024-03-06 14:00:00.000000','2024-03-06 14:00:00.000000',NULL),('dab3e709-5dfb-4d40-b5e7-3fe17ff2b008','be7fb570-8794-4f13-94c2-8b9e2d8b137d','San Diego','Falcons','2024-03-06 14:00:00.000000','2024-03-06 14:00:00.000000',NULL),('e1a2b3d4-f5b6-4f3d-a8e6-9b0c1d2e3014','0a95b9b1-6fb7-42a7-8333-56e649a48fe7','San Francisco','Wildcats','2024-03-06 14:00:00.000000','2024-03-06 14:00:00.000000',NULL),('e5d5e6a2-e5e4-4d79-a3c5-ccfd36f7c012','acd5a6b8-89c5-40a9-87a5-2a097e02b9ed','Jacksonville','Jaguars','2024-03-06 14:00:00.000000','2024-03-06 14:00:00.000000',NULL),('ee57d1c3-b41b-4be8-b45e-14f2a25b1001','2b1e02fc-4b92-4b0d-84a7-2418ff07ac13','New York','Lions','2024-03-06 14:00:00.000000','2024-03-06 14:00:00.000000',NULL),('f3c4e1a2-b3d5-46e8-b5c2-7f8d9e0a1015','e736c4f5-fc24-4be1-b7de-d8532d90cd2d','Columbus','Bulls','2024-03-06 14:00:00.000000','2024-03-06 14:00:00.000000',NULL);
/*!40000 ALTER TABLE `teams` ENABLE KEYS */;
UNLOCK TABLES;

--
-- Table structure for table `users`
--

DROP TABLE IF EXISTS `users`;
/*!40101 SET @saved_cs_client     = @@character_set_client */;
/*!50503 SET character_set_client = utf8mb4 */;
CREATE TABLE `users` (
  `Id` char(36) CHARACTER SET ascii COLLATE ascii_general_ci NOT NULL,
  `FirstName` varchar(50) CHARACTER SET utf8mb4 COLLATE utf8mb4_0900_ai_ci NOT NULL,
  `LastName` varchar(50) CHARACTER SET utf8mb4 COLLATE utf8mb4_0900_ai_ci NOT NULL,
  `PhoneNumber` longtext CHARACTER SET utf8mb4 COLLATE utf8mb4_0900_ai_ci NOT NULL,
  `Email` longtext CHARACTER SET utf8mb4 COLLATE utf8mb4_0900_ai_ci NOT NULL,
  `HashedPassword` longtext CHARACTER SET utf8mb4 COLLATE utf8mb4_0900_ai_ci NOT NULL,
  `Salt` longtext CHARACTER SET utf8mb4 COLLATE utf8mb4_0900_ai_ci NOT NULL,
  `Created` datetime(6) NOT NULL,
  `Updated` datetime(6) NOT NULL,
  PRIMARY KEY (`Id`)
) ENGINE=InnoDB DEFAULT CHARSET=utf8mb4 COLLATE=utf8mb4_0900_ai_ci;
/*!40101 SET character_set_client = @saved_cs_client */;

--
-- Dumping data for table `users`
--

LOCK TABLES `users` WRITE;
/*!40000 ALTER TABLE `users` DISABLE KEYS */;
INSERT INTO `users` VALUES ('12345678-90ab-cdef-1234-567890abcdef','Martin','Martinsen','87612345','martin@gmail.com','$2a$11$7fuBNabTNj8uExz4Ibev/OXNmyeJZcsyFQALZyPr/xMQp/nXhOJX.','$2a$11$7fuBNabTNj8uExz4Ibev/O','2024-02-22 15:33:58.553269','2024-02-22 15:33:58.553269'),('20065784-cdb9-465a-a439-6a627c448787','Siri','Ali','87654321','siri@abc.no','$2a$11$lbgXdxbXutlVq3H63LzCCeA8M1rUBLFH1J2OmSsrLTyWqlkTC4BAo','$2a$11$lbgXdxbXutlVq3H63LzCCi','2024-02-22 15:34:57.668488','2024-02-22 15:34:57.668488'),('20065784-cdb9-465a-a439-6a627c448ca8','Sara','Andersen','87654321','sara@abc.no','$2a$11$lbgXdxbXutlVq3H63LzCCeA8M1rUBLFH1J2OmSsrLTyWqlkTC4BAq','$2a$11$lbgXdxbXutlVq3H63LzCCe','2024-02-22 15:34:57.668488','2024-02-22 15:34:57.668488'),('22222222-2222-2222-2222-222222222222','Maria','Mariah','99999999','mariah@yahoo.com','$2a$11$2nb9L2C0b8QLyU5xRdpqtu7/Qw89vF7aLl0yWQ/dnMZ8M2N/cDBhK','$2a$11$2nb9L2C0b8QLyU5xRdpqtu','2024-02-22 19:54:51.886969','2024-02-22 19:54:51.886969'),('27c2097f-2d6d-44b4-9ecf-1b96dab3ab3d','Emma','Nilsen','56785678','emma123@hotmail.com','$2a$11$5D5cdLLjF3W7fJztqyzyVu9cOvAFk.vd/jPpBRCm17WjwRvQoBblG','$2a$11$5D5cdLLjF3W7fJztqyzyVu','2024-02-22 15:33:58.553269','2024-02-22 15:33:58.553269'),('2bf14738-6f12-4af0-8e1b-7d79789b993f','Kristine','Knutsen','89674321','kristine@hotmail.com','$2a$11$Q3vTJN/47.6mAbG//tufleI27JxxvrxPNjwt_rolesa5kFXUdQOY5/lWuEyFOm','$2a$11$Q3vTJN/47.6mAbG//tufle','2024-02-22 19:54:51.886969','2024-02-22 19:54:51.886969'),('2e88d66f-1d63-4bc2-90b5-0700458748ef','Per','Pedersen','56789012','per@msn.no','$2a$11$VG7DteI3f6MP5GJKukj9U.WOo0weRBCrNlnRj90DQSyd3.EwKdplW','$2a$11$VG7DteI3f6MP5GJKukj9U.','2024-02-22 15:33:58.553269','2024-02-22 15:33:58.553269'),('36ab0d4f-d7e1-43a7-85cd-b487cf74f3b8','Anne','Andersen','76129345','anne@outlook.com','$2a$11$C5ThG2WOGFDzGMDvNkddfe.ABpXZMz3FCcDqC.C47B2H/a2JgJdSO','$2a$11$C5ThG2WOGFDzGMDvNkddfe','2024-02-22 15:33:58.553269','2024-02-22 15:33:58.553269'),('48a9d05a-8b21-46d8-8714-8aa73a46c4e5','Hans','Hansen','87651234','hans@yahoo.no','$2a$11$g4Xkb.vEFpROfsyVouwa/u6AvdAeLnyHokHfogN3NV7ZxChnnCLOu','$2a$11$g4Xkb.vEFpROfsyVouwa/u','2024-02-22 19:54:51.886969','2024-02-22 19:54:51.886969'),('5c053d1b-6c70-4d3b-a030-35286a978b7a','Trine','Petersen','78675645','trine@yahoo.no','$2a$11$n8CzNXLkIFb0x4URvyJyLe.9l9ApDKZzzgMP/FVb3YBN5RUwCgHL.','$2a$11$n8CzNXLkIFb0x4URvyJyLe','2024-02-22 19:54:51.886969','2024-02-22 19:54:51.886969'),('820504a9-01cd-4812-b915-495e26fe0fa1','Ida','Olsen','23456789','ida@hotmail.com','$2a$11$GUbkt7FjG/pGEssbXOhxF.fgIMYwuyXzjKDeJW3FLaP2XZJ41/f/S','$2a$11$GUbkt7FjG/pGEssbXOhxF.','2024-02-22 19:54:51.886969','2024-02-22 19:54:51.886969'),('9d3de077-bb47-42ff-b695-170e6d08743a','Kari','Kristiansen','98761234','kari@gmail.com','$2a$11$yXApWYI1z.KlD/Z.9pF0TuAMauSBw8iGLoFqJXo81qiq4D24DGCl6','$2a$11$yXApWYI1z.KlD/Z.9pF0Tu','2024-02-22 15:33:58.553269','2024-02-22 15:33:58.553269'),('9ff9eab0-57ef-4530-ad29-1ebee9f682c3','Elsa','Rønningen','65436544','elsrøn@yyoyo.no','$2a$11$xFlYtJWVUrDUwCJ5n0T7tejzowXS0Ug7xbG/ZHFLOYBnKgB/8OLQO','$2a$11$xFlYtJWVUrDUwCJ5n0T7te','2024-02-22 20:08:36.759317','2024-02-22 20:08:36.759317'),('9ff9eab0-57ef-4530-ad29-1ebee9f686a6','Eivind','Ho','65436544','eiho@yyoyo.no','$2a$11$xFlYtJWVUrDUwCJ5n0T7tejzowXS0Ug7xbG/ZHFLOYBnKgB/8OLQO','$2a$11$xFlYtJWVUrDUwCJ5n0T7te','2024-02-22 20:08:36.759317','2024-02-22 20:08:36.759317'),('d9e4e229-7738-4d26-822d-1b13fb1052c9','Lars','Hansen','67896789','lars@hotmail.com','$2a$11$4XixT6.ZlhN9pLV0Kp58yONqSgFmN0YG6yolXzLccLws6yOgC9N5S','$2a$11$4XixT6.ZlhN9pLV0Kp58yO','2024-02-22 19:54:51.886969','2024-02-22 19:54:51.886969'),('eb7f4ad3-132d-4345-b5f3-b41762fe61f9','Ingrid','Johansen','32103210','ingrid@gmail.com','$2a$11$yvhdvrXH5pZwr/K05r1bf.h/RzpbGYZfKHs9DlTHPh.xbnMv9ADHe','$2a$11$yvhdvrXH5pZwr/K05r1bf.','2024-02-22 15:33:58.553269','2024-02-22 15:33:58.553269'),('f15a1513-eb40-4ca3-b8bb-c06959e1d009','Jølle','Walin','12345678','jwal@gmail.com','$2a$11$2evalcmM7WpglWzQEqC1eOi/kF9C6bZJjp9Td4QW5l2uu7ewFYEKq','$2a$11$2evalcmM7WpglWzQEqC1eO','2024-02-22 15:33:58.553269','2024-02-22 15:33:58.553269'),('f15a1513-eb40-4ca3-b8bb-c06959e1d6b5','Jens','Jensen','12345678','jens@gmail.com','$2a$11$2evalcmM7WpglWzQEqC1eOi/kF9C6bZJjp9Td4QW5l2uu7ewFYEKq','$2a$11$2evalcmM7WpglWzQEqC1eO','2024-02-22 15:33:58.553269','2024-02-22 15:33:58.553269'),('fdaca55a-2ed0-4760-b1ea-ead99086d1d7','Ole','Olsen','12312345','olsen@gmail.com','$2a$11$58nr7sj5oYCXV0dUpryxGeJEKU1tJ2LsO9MfIp9jD3b9o36nhW2se','$2a$11$58nr7sj5oYCXV0dUpryxGe','2024-02-22 19:54:51.886969','2024-02-22 19:54:51.886969'),('fdaca55a-2ed0-4760-b1ea-ead99086dccc','Salat','Amir','12312345','salami@gmail.com','$2a$11$58nr7sj5oYCXV0dUpryxGeJEKU1tJ2LsO9MfIp9jD3b9o36nhW2se','$2a$11$58nr7sj5oYCXV0dUpryxGe','2024-02-22 19:54:51.886969','2024-02-22 19:54:51.886969');
/*!40000 ALTER TABLE `users` ENABLE KEYS */;
UNLOCK TABLES;
/*!40103 SET TIME_ZONE=@OLD_TIME_ZONE */;

/*!40101 SET SQL_MODE=@OLD_SQL_MODE */;
/*!40014 SET FOREIGN_KEY_CHECKS=@OLD_FOREIGN_KEY_CHECKS */;
/*!40014 SET UNIQUE_CHECKS=@OLD_UNIQUE_CHECKS */;
/*!40101 SET CHARACTER_SET_CLIENT=@OLD_CHARACTER_SET_CLIENT */;
/*!40101 SET CHARACTER_SET_RESULTS=@OLD_CHARACTER_SET_RESULTS */;
/*!40101 SET COLLATION_CONNECTION=@OLD_COLLATION_CONNECTION */;
/*!40111 SET SQL_NOTES=@OLD_SQL_NOTES */;

-- Dump completed on 2024-04-20 11:05:39
